Country name,Year,Number of total people affected by floods
Afghanistan,1900,0
Afghanistan,1910,0
Afghanistan,1920,0
Afghanistan,1930,0
Afghanistan,1940,0
Afghanistan,1950,0
Afghanistan,1960,0
Afghanistan,1970,60168.4
Afghanistan,1980,19100
Afghanistan,1990,18230.5
Afghanistan,2000,15904.2
Afghanistan,2010,41596.6
Afghanistan,2020,70503
Africa,1900,0
Africa,1910,0
Africa,1920,0
Africa,1930,0
Africa,1940,0
Africa,1950,0
Africa,1960,86904.1
Africa,1970,459952.6
Africa,1980,734705.2
Africa,1990,1435826.9
Africa,2000,2324766
Africa,2010,3204163
Africa,2020,5181089
Albania,1900,0
Albania,1910,0
Albania,1920,0
Albania,1930,0
Albania,1940,0
Albania,1950,0
Albania,1960,0
Albania,1970,0
Albania,1980,0
Albania,1990,4650
Albania,2000,7242.2
Albania,2010,8666.4
Albania,2020,16.8
Algeria,1900,0
Algeria,1910,0
Algeria,1920,0
Algeria,1930,0
Algeria,1940,0
Algeria,1950,0
Algeria,1960,31154.9
Algeria,1970,19600
Algeria,1980,2503.4
Algeria,1990,3727.7
Algeria,2000,20027.1
Algeria,2010,3609.4
Algeria,2020,1117.6
American Samoa,1900,0
American Samoa,1910,0
American Samoa,1920,0
American Samoa,1930,0
American Samoa,1940,0
American Samoa,1950,0
American Samoa,1960,0
American Samoa,1970,0
American Samoa,1980,0
American Samoa,1990,0
American Samoa,2000,0.3
American Samoa,2010,0
American Samoa,2020,0
Angola,1900,0
Angola,1910,0
Angola,1920,0
Angola,1930,0
Angola,1940,0
Angola,1950,0
Angola,1960,0
Angola,1970,0
Angola,1980,10000
Angola,1990,0
Angola,2000,81615.9
Angola,2010,34577.9
Angola,2020,20360.4
Anguilla,1900,0
Anguilla,1910,0
Anguilla,1920,0
Anguilla,1930,0
Anguilla,1940,0
Anguilla,1950,0
Anguilla,1960,0
Anguilla,1970,0
Anguilla,1980,0
Anguilla,1990,0
Anguilla,2000,0
Anguilla,2010,0
Anguilla,2020,0
Antigua and Barbuda,1900,0
Antigua and Barbuda,1910,0
Antigua and Barbuda,1920,0
Antigua and Barbuda,1930,0
Antigua and Barbuda,1940,0
Antigua and Barbuda,1950,0
Antigua and Barbuda,1960,0
Antigua and Barbuda,1970,0
Antigua and Barbuda,1980,0
Antigua and Barbuda,1990,0
Antigua and Barbuda,2000,0
Antigua and Barbuda,2010,0
Antigua and Barbuda,2020,0
Argentina,1900,0
Argentina,1910,0
Argentina,1920,0
Argentina,1930,0
Argentina,1940,0
Argentina,1950,0
Argentina,1960,33200
Argentina,1970,2410
Argentina,1980,1219200
Argentina,1990,46507.4
Argentina,2000,72307.5
Argentina,2010,74465.3
Argentina,2020,88218
Armenia,1900,0
Armenia,1910,0
Armenia,1920,0
Armenia,1930,0
Armenia,1940,0
Armenia,1950,0
Armenia,1960,0
Armenia,1970,0
Armenia,1980,0
Armenia,1990,714.4
Armenia,2000,0
Armenia,2010,0
Armenia,2020,0
Asia,1900,0
Asia,1910,363500
Asia,1920,200
Asia,1930,1363000
Asia,1940,0
Asia,1950,1259353.4
Asia,1960,3797075
Asia,1970,20143120
Asia,1980,43403940
Asia,1990,140935540
Asia,2000,89489500
Asia,2010,63456830
Asia,2020,22568684
Australia,1900,0
Australia,1910,0
Australia,1920,0
Australia,1930,0
Australia,1940,0
Australia,1950,0
Australia,1960,0
Australia,1970,2200
Australia,1980,0
Australia,1990,5533.1
Australia,2000,3539.1
Australia,2010,21299.7
Australia,2020,53759.8
Austria,1900,0
Austria,1910,0
Austria,1920,0
Austria,1930,0
Austria,1940,0
Austria,1950,0
Austria,1960,0
Austria,1970,0
Austria,1980,0
Austria,1990,0
Austria,2000,6141.6
Austria,2010,20
Austria,2020,0
Azerbaijan,1900,0
Azerbaijan,1910,0
Azerbaijan,1920,0
Azerbaijan,1930,0
Azerbaijan,1940,0
Azerbaijan,1950,0
Azerbaijan,1960,0
Azerbaijan,1970,0
Azerbaijan,1980,0
Azerbaijan,1990,173380
Azerbaijan,2000,3650
Azerbaijan,2010,7000
Azerbaijan,2020,0
Bahamas,1900,0
Bahamas,1910,0
Bahamas,1920,0
Bahamas,1930,0
Bahamas,1940,0
Bahamas,1950,0
Bahamas,1960,0
Bahamas,1970,0
Bahamas,1980,0
Bahamas,1990,0
Bahamas,2000,0
Bahamas,2010,100
Bahamas,2020,0
Bangladesh,1900,0
Bangladesh,1910,0
Bangladesh,1920,0
Bangladesh,1930,0
Bangladesh,1940,0
Bangladesh,1950,0
Bangladesh,1960,1738961.6
Bangladesh,1970,5261365
Bangladesh,1980,12326800
Bangladesh,1990,5816566.5
Bangladesh,2000,5864975.5
Bangladesh,2010,2975640.8
Bangladesh,2020,2783404.2
Barbados,1900,0
Barbados,1910,0
Barbados,1920,0
Barbados,1930,0
Barbados,1940,0
Barbados,1950,0
Barbados,1960,0
Barbados,1970,21
Barbados,1980,10
Barbados,1990,0
Barbados,2000,0
Barbados,2010,0
Barbados,2020,0
Belarus,1900,0
Belarus,1910,0
Belarus,1920,0
Belarus,1930,0
Belarus,1940,0
Belarus,1950,0
Belarus,1960,0
Belarus,1970,0
Belarus,1980,0
Belarus,1990,4200
Belarus,2000,0
Belarus,2010,5000
Belarus,2020,84
Belgium,1900,0
Belgium,1910,0
Belgium,1920,600
Belgium,1930,0
Belgium,1940,0
Belgium,1950,35
Belgium,1960,0
Belgium,1970,60
Belgium,1980,0
Belgium,1990,87.5
Belgium,2000,261
Belgium,2010,69
Belgium,2020,20990
Belize,1900,0
Belize,1910,0
Belize,1920,0
Belize,1930,0
Belize,1940,0
Belize,1950,0
Belize,1960,0
Belize,1970,1700
Belize,1980,0
Belize,1990,260
Belize,2000,3800
Belize,2010,2000
Belize,2020,0
Benin,1900,0
Benin,1910,0
Benin,1920,0
Benin,1930,0
Benin,1940,0
Benin,1950,0
Benin,1960,0
Benin,1970,0
Benin,1980,113900
Benin,1990,83419.6
Benin,2000,28877.6
Benin,2010,92457.5
Benin,2020,23170
Bermuda,1900,0
Bermuda,1910,0
Bermuda,1920,0
Bermuda,1930,0
Bermuda,1940,0
Bermuda,1950,0
Bermuda,1960,0
Bermuda,1970,0
Bermuda,1980,0
Bermuda,1990,0
Bermuda,2000,0
Bermuda,2010,0
Bermuda,2020,0
Bhutan,1900,0
Bhutan,1910,0
Bhutan,1920,0
Bhutan,1930,0
Bhutan,1940,0
Bhutan,1950,0
Bhutan,1960,0
Bhutan,1970,0
Bhutan,1980,0
Bhutan,1990,60
Bhutan,2000,100
Bhutan,2010,0
Bhutan,2020,0
Bolivia,1900,0
Bolivia,1910,0
Bolivia,1920,0
Bolivia,1930,0
Bolivia,1940,0
Bolivia,1950,0
Bolivia,1960,3280
Bolivia,1970,28600
Bolivia,1980,42847.5
Bolivia,1990,23165
Bolivia,2000,144105.4
Bolivia,2010,151892.1
Bolivia,2020,186333.6
Bosnia and Herzegovina,1900,0
Bosnia and Herzegovina,1910,0
Bosnia and Herzegovina,1920,0
Bosnia and Herzegovina,1930,0
Bosnia and Herzegovina,1940,0
Bosnia and Herzegovina,1950,0
Bosnia and Herzegovina,1960,0
Bosnia and Herzegovina,1970,0
Bosnia and Herzegovina,1980,0
Bosnia and Herzegovina,1990,0
Bosnia and Herzegovina,2000,29383
Bosnia and Herzegovina,2010,103626.9
Bosnia and Herzegovina,2020,55600
Botswana,1900,0
Botswana,1910,0
Botswana,1920,0
Botswana,1930,0
Botswana,1940,0
Botswana,1950,0
Botswana,1960,0
Botswana,1970,100
Botswana,1980,1200.7
Botswana,1990,550
Botswana,2000,14839.2
Botswana,2010,1168.5
Botswana,2020,0
Brazil,1900,0
Brazil,1910,0
Brazil,1920,0
Brazil,1930,0
Brazil,1940,0
Brazil,1950,0
Brazil,1960,82598.6
Brazil,1970,290237.1
Brazil,1980,878961.3
Brazil,1990,31779.3
Brazil,2000,429117.2
Brazil,2010,312627.8
Brazil,2020,442023.8
British Virgin Islands,1900,0
British Virgin Islands,1910,0
British Virgin Islands,1920,0
British Virgin Islands,1930,0
British Virgin Islands,1940,0
British Virgin Islands,1950,0
British Virgin Islands,1960,0
British Virgin Islands,1970,0
British Virgin Islands,1980,0
British Virgin Islands,1990,0
British Virgin Islands,2000,0
British Virgin Islands,2010,0
British Virgin Islands,2020,0
Brunei,1900,0
Brunei,1910,0
Brunei,1920,0
Brunei,1930,0
Brunei,1940,0
Brunei,1950,0
Brunei,1960,0
Brunei,1970,0
Brunei,1980,0
Brunei,1990,0
Brunei,2000,0
Brunei,2010,0
Brunei,2020,0
Bulgaria,1900,0
Bulgaria,1910,0
Bulgaria,1920,0
Bulgaria,1930,0
Bulgaria,1940,0
Bulgaria,1950,0
Bulgaria,1960,0
Bulgaria,1970,0
Bulgaria,1980,0
Bulgaria,1990,20
Bulgaria,2000,1327
Bulgaria,2010,4714.7
Bulgaria,2020,2992.4
Burkina Faso,1900,0
Burkina Faso,1910,0
Burkina Faso,1920,0
Burkina Faso,1930,0
Burkina Faso,1940,0
Burkina Faso,1950,0
Burkina Faso,1960,0
Burkina Faso,1970,90
Burkina Faso,1980,3539.6
Burkina Faso,1990,6806
Burkina Faso,2000,31514.3
Burkina Faso,2010,23045.8
Burkina Faso,2020,26090.4
Burundi,1900,0
Burundi,1910,0
Burundi,1920,0
Burundi,1930,0
Burundi,1940,0
Burundi,1950,0
Burundi,1960,0
Burundi,1970,0
Burundi,1980,360
Burundi,1990,0
Burundi,2000,7528.1
Burundi,2010,7126.5
Burundi,2020,18735
Cambodia,1900,0
Cambodia,1910,0
Cambodia,1920,0
Cambodia,1930,0
Cambodia,1940,0
Cambodia,1950,0
Cambodia,1960,0
Cambodia,1970,0
Cambodia,1980,0
Cambodia,1990,288937.9
Cambodia,2000,664423.5
Cambodia,2010,420479
Cambodia,2020,36199
Cameroon,1900,0
Cameroon,1910,0
Cameroon,1920,0
Cameroon,1930,0
Cameroon,1940,0
Cameroon,1950,0
Cameroon,1960,0
Cameroon,1970,0
Cameroon,1980,100
Cameroon,1990,120
Cameroon,2000,3729.6
Cameroon,2010,34877
Cameroon,2020,35899.4
Canada,1900,0
Canada,1910,0
Canada,1920,0
Canada,1930,0
Canada,1940,0
Canada,1950,10700
Canada,1960,0
Canada,1970,0
Canada,1980,450
Canada,1990,4990
Canada,2000,1607
Canada,2010,15331.7
Canada,2020,6277.2
Cape Verde,1900,0
Cape Verde,1910,0
Cape Verde,1920,0
Cape Verde,1930,0
Cape Verde,1940,0
Cape Verde,1950,0
Cape Verde,1960,0
Cape Verde,1970,0
Cape Verde,1980,0
Cape Verde,1990,0
Cape Verde,2000,15
Cape Verde,2010,0
Cape Verde,2020,5000
Cayman Islands,1900,0
Cayman Islands,1910,0
Cayman Islands,1920,0
Cayman Islands,1930,0
Cayman Islands,1940,0
Cayman Islands,1950,0
Cayman Islands,1960,0
Cayman Islands,1970,0
Cayman Islands,1980,0
Cayman Islands,1990,0
Cayman Islands,2000,0
Cayman Islands,2010,0
Cayman Islands,2020,0
Central African Republic,1900,0
Central African Republic,1910,0
Central African Republic,1920,0
Central African Republic,1930,0
Central African Republic,1940,0
Central African Republic,1950,0
Central African Republic,1960,0
Central African Republic,1970,1300
Central African Republic,1980,0
Central African Republic,1990,7653.3
Central African Republic,2000,5635
Central African Republic,2010,8593.1
Central African Republic,2020,24392
Chad,1900,0
Chad,1910,0
Chad,1920,0
Chad,1930,0
Chad,1940,0
Chad,1950,0
Chad,1960,0
Chad,1970,0
Chad,1980,4799.8
Chad,1990,25520.6
Chad,2000,37612.8
Chad,2010,75863.3
Chad,2020,281268.6
Chile,1900,0
Chile,1910,0
Chile,1920,0
Chile,1930,0
Chile,1940,0
Chile,1950,0
Chile,1960,37500
Chile,1970,4600
Chile,1980,25948.2
Chile,1990,8257.6
Chile,2000,67583.3
Chile,2010,21877.6
Chile,2020,10856.6
China,1900,0
China,1910,363500
China,1920,0
China,1930,1363000
China,1940,0
China,1950,1000000
China,1960,0
China,1970,1100000
China,1980,14055262
China,1990,100361770
China,2000,52825988
China,2010,38140252
China,2020,6656484
Colombia,1900,0
Colombia,1910,0
Colombia,1920,0
Colombia,1930,0
Colombia,1940,0
Colombia,1950,0
Colombia,1960,7000
Colombia,1970,521617.2
Colombia,1980,38170
Colombia,1990,55146.7
Colombia,2000,550693.1
Colombia,2010,463072.3
Colombia,2020,76902
Comoros,1900,0
Comoros,1910,0
Comoros,1920,0
Comoros,1930,0
Comoros,1940,0
Comoros,1950,0
Comoros,1960,0
Comoros,1970,0
Comoros,1980,0
Comoros,1990,0
Comoros,2000,250
Comoros,2010,6513.7
Comoros,2020,0
Congo,1900,0
Congo,1910,0
Congo,1920,0
Congo,1930,0
Congo,1940,0
Congo,1950,0
Congo,1960,0
Congo,1970,0
Congo,1980,0
Congo,1990,7850
Congo,2000,8500
Congo,2010,6373.6
Congo,2020,87241.8
Cook Islands,1900,0
Cook Islands,1910,0
Cook Islands,1920,0
Cook Islands,1930,0
Cook Islands,1940,0
Cook Islands,1950,0
Cook Islands,1960,0
Cook Islands,1970,0
Cook Islands,1980,0
Cook Islands,1990,0
Cook Islands,2000,0
Cook Islands,2010,0
Cook Islands,2020,0
Costa Rica,1900,0
Costa Rica,1910,0
Costa Rica,1920,0
Costa Rica,1930,0
Costa Rica,1940,0
Costa Rica,1950,0
Costa Rica,1960,460.3
Costa Rica,1970,1524
Costa Rica,1980,1385
Costa Rica,1990,25602.1
Costa Rica,2000,28402.9
Costa Rica,2010,19418
Costa Rica,2020,40000
Cote d'Ivoire,1900,0
Cote d'Ivoire,1910,0
Cote d'Ivoire,1920,0
Cote d'Ivoire,1930,0
Cote d'Ivoire,1940,0
Cote d'Ivoire,1950,0
Cote d'Ivoire,1960,0
Cote d'Ivoire,1970,0
Cote d'Ivoire,1980,700
Cote d'Ivoire,1990,0
Cote d'Ivoire,2000,245
Cote d'Ivoire,2010,4629.6
Cote d'Ivoire,2020,6049.8
Croatia,1900,0
Croatia,1910,0
Croatia,1920,0
Croatia,1930,0
Croatia,1940,0
Croatia,1950,0
Croatia,1960,0
Croatia,1970,0
Croatia,1980,0
Croatia,1990,0
Croatia,2000,205
Croatia,2010,1346.2
Croatia,2020,35.4
Cuba,1900,0
Cuba,1910,0
Cuba,1920,0
Cuba,1930,0
Cuba,1940,0
Cuba,1950,0
Cuba,1960,0
Cuba,1970,1800
Cuba,1980,26508.7
Cuba,1990,70977.3
Cuba,2000,7577.5
Cuba,2010,1331.6
Cuba,2020,4160
Cyprus,1900,0
Cyprus,1910,0
Cyprus,1920,0
Cyprus,1930,0
Cyprus,1940,0
Cyprus,1950,0
Cyprus,1960,0
Cyprus,1970,0
Cyprus,1980,0
Cyprus,1990,0
Cyprus,2000,0
Cyprus,2010,0
Cyprus,2020,93.6
Czechia,1900,0
Czechia,1910,0
Czechia,1920,0
Czechia,1930,0
Czechia,1940,0
Czechia,1950,0
Czechia,1960,0
Czechia,1970,0
Czechia,1980,0
Czechia,1990,10216.7
Czechia,2000,21876.5
Czechia,2010,130140
Czechia,2020,0
Czechoslovakia,1900,0
Czechoslovakia,1910,0
Czechoslovakia,1920,0
Czechoslovakia,1930,0
Czechoslovakia,1940,0
Czechoslovakia,1950,0
Czechoslovakia,1960,0
Czechoslovakia,1970,0
Czechoslovakia,1980,0
Czechoslovakia,1990,0
Czechoslovakia,2000,0
Czechoslovakia,2010,0
Czechoslovakia,2020,0
Democratic Republic of Congo,1900,0
Democratic Republic of Congo,1910,0
Democratic Republic of Congo,1920,0
Democratic Republic of Congo,1930,0
Democratic Republic of Congo,1940,0
Democratic Republic of Congo,1950,0
Democratic Republic of Congo,1960,0
Democratic Republic of Congo,1970,0
Democratic Republic of Congo,1980,0
Democratic Republic of Congo,1990,14105.6
Democratic Republic of Congo,2000,3711.9
Democratic Republic of Congo,2010,70713.4
Democratic Republic of Congo,2020,109212.4
Denmark,1900,0
Denmark,1910,0
Denmark,1920,0
Denmark,1930,0
Denmark,1940,0
Denmark,1950,0
Denmark,1960,0
Denmark,1970,0
Denmark,1980,0
Denmark,1990,0
Denmark,2000,0
Denmark,2010,0
Denmark,2020,0
Djibouti,1900,0
Djibouti,1910,0
Djibouti,1920,0
Djibouti,1930,0
Djibouti,1940,0
Djibouti,1950,0
Djibouti,1960,0
Djibouti,1970,19700
Djibouti,1980,25230
Djibouti,1990,14000
Djibouti,2000,10000
Djibouti,2010,25000
Djibouti,2020,22000
Dominica,1900,0
Dominica,1910,0
Dominica,1920,0
Dominica,1930,0
Dominica,1940,0
Dominica,1950,0
Dominica,1960,0
Dominica,1970,0
Dominica,1980,0
Dominica,1990,0
Dominica,2000,0
Dominica,2010,0
Dominica,2020,0
Dominican Republic,1900,0
Dominican Republic,1910,0
Dominican Republic,1920,0
Dominican Republic,1930,0
Dominican Republic,1940,0
Dominican Republic,1950,0
Dominican Republic,1960,0
Dominican Republic,1970,100
Dominican Republic,1980,134204.5
Dominican Republic,1990,2100
Dominican Republic,2000,11306
Dominican Republic,2010,288186
Dominican Republic,2020,23562
East Germany,1900,0
East Germany,1910,0
East Germany,1920,0
East Germany,1930,0
East Germany,1940,0
East Germany,1950,0
East Germany,1960,0
East Germany,1970,0
East Germany,1980,0
East Germany,1990,0
East Germany,2000,0
East Germany,2010,0
East Germany,2020,0
East Timor,1900,0
East Timor,1910,0
East Timor,1920,0
East Timor,1930,0
East Timor,1940,0
East Timor,1950,0
East Timor,1960,0
East Timor,1970,0
East Timor,1980,0
East Timor,1990,0
East Timor,2000,450.5
East Timor,2010,0
East Timor,2020,1826.2
Ecuador,1900,0
Ecuador,1910,0
Ecuador,1920,0
Ecuador,1930,0
Ecuador,1940,0
Ecuador,1950,0
Ecuador,1960,7050
Ecuador,1970,18300
Ecuador,1980,94000
Ecuador,1990,25400.7
Ecuador,2000,43069.9
Ecuador,2010,14610.7
Ecuador,2020,50458.2
Egypt,1900,0
Egypt,1910,0
Egypt,1920,0
Egypt,1930,0
Egypt,1940,0
Egypt,1950,0
Egypt,1960,0
Egypt,1970,6600
Egypt,1980,0
Egypt,1990,16412.8
Egypt,2000,87
Egypt,2010,350
Egypt,2020,5327
El Salvador,1900,0
El Salvador,1910,0
El Salvador,1920,0
El Salvador,1930,0
El Salvador,1940,0
El Salvador,1950,0
El Salvador,1960,0
El Salvador,1970,0
El Salvador,1980,10706
El Salvador,1990,1495
El Salvador,2000,733.2
El Salvador,2010,30709.9
El Salvador,2020,60
Eritrea,1900,0
Eritrea,1910,0
Eritrea,1920,0
Eritrea,1930,0
Eritrea,1940,0
Eritrea,1950,0
Eritrea,1960,0
Eritrea,1970,0
Eritrea,1980,0
Eritrea,1990,0
Eritrea,2000,701.3
Eritrea,2010,0
Eritrea,2020,0
Estonia,1900,0
Estonia,1910,0
Estonia,1920,0
Estonia,1930,0
Estonia,1940,0
Estonia,1950,0
Estonia,1960,0
Estonia,1970,0
Estonia,1980,0
Estonia,1990,0
Estonia,2000,0
Estonia,2010,0
Estonia,2020,0
Eswatini,1900,0
Eswatini,1910,0
Eswatini,1920,0
Eswatini,1930,0
Eswatini,1940,0
Eswatini,1950,0
Eswatini,1960,0
Eswatini,1970,0
Eswatini,1980,0
Eswatini,1990,0
Eswatini,2000,27450
Eswatini,2010,40
Eswatini,2020,0
Ethiopia,1900,0
Ethiopia,1910,0
Ethiopia,1920,0
Ethiopia,1930,0
Ethiopia,1940,0
Ethiopia,1950,0
Ethiopia,1960,1600
Ethiopia,1970,8700
Ethiopia,1980,9524
Ethiopia,1990,84896.6
Ethiopia,2000,122189
Ethiopia,2010,107608
Ethiopia,2020,346937
Europe,1900,0
Europe,1910,0
Europe,1920,600
Europe,1930,0
Europe,1940,0
Europe,1950,47785
Europe,1960,163910
Europe,1970,262787.5
Europe,1980,82115.7
Europe,1990,449668.9
Europe,2000,339849.6
Europe,2010,339761.6
Europe,2020,419240
European Union (27),1900,0
European Union (27),1910,0
European Union (27),1920,600
European Union (27),1930,0
European Union (27),1940,0
European Union (27),1950,47785
European Union (27),1960,130410
European Union (27),1970,261587.5
European Union (27),1980,76677.9
European Union (27),1990,93155
European Union (27),2000,104459.5
European Union (27),2010,161517.9
European Union (27),2020,342442.8
Fiji,1900,0
Fiji,1910,0
Fiji,1920,0
Fiji,1930,0
Fiji,1940,0
Fiji,1950,0
Fiji,1960,1800
Fiji,1970,0
Fiji,1980,21500
Fiji,1990,0
Fiji,2000,1228
Fiji,2010,1954.5
Fiji,2020,0
Finland,1900,0
Finland,1910,0
Finland,1920,0
Finland,1930,0
Finland,1940,0
Finland,1950,0
Finland,1960,0
Finland,1970,0
Finland,1980,0
Finland,1990,0
Finland,2000,40
Finland,2010,0
Finland,2020,0
France,1900,0
France,1910,0
France,1920,0
France,1930,0
France,1940,0
France,1950,0
France,1960,0
France,1970,2600
France,1980,432.5
France,1990,589.5
France,2000,5367.4
France,2010,1381.2
France,2020,2670.6
French Guiana,1900,0
French Guiana,1910,0
French Guiana,1920,0
French Guiana,1930,0
French Guiana,1940,0
French Guiana,1950,0
French Guiana,1960,0
French Guiana,1970,0
French Guiana,1980,0
French Guiana,1990,7000
French Guiana,2000,0
French Guiana,2010,0
French Guiana,2020,27.8
French Polynesia,1900,0
French Polynesia,1910,0
French Polynesia,1920,0
French Polynesia,1930,0
French Polynesia,1940,0
French Polynesia,1950,0
French Polynesia,1960,0
French Polynesia,1970,0
French Polynesia,1980,0
French Polynesia,1990,0
French Polynesia,2000,0
French Polynesia,2010,500.4
French Polynesia,2020,0
Gabon,1900,0
Gabon,1910,0
Gabon,1920,0
Gabon,1930,0
Gabon,1940,0
Gabon,1950,0
Gabon,1960,0
Gabon,1970,0
Gabon,1980,1000
Gabon,1990,0
Gabon,2000,0
Gabon,2010,7784.5
Gabon,2020,0
Gambia,1900,0
Gambia,1910,0
Gambia,1920,0
Gambia,1930,0
Gambia,1940,0
Gambia,1950,0
Gambia,1960,0
Gambia,1970,0
Gambia,1980,0
Gambia,1990,3600
Gambia,2000,1520.8
Gambia,2010,6226.1
Gambia,2020,3440.2
Georgia,1900,0
Georgia,1910,0
Georgia,1920,0
Georgia,1930,0
Georgia,1940,0
Georgia,1950,0
Georgia,1960,0
Georgia,1970,0
Georgia,1980,0
Georgia,1990,80
Georgia,2000,319
Georgia,2010,15531.9
Georgia,2020,72422.6
Germany,1900,0
Germany,1910,0
Germany,1920,0
Germany,1930,0
Germany,1940,0
Germany,1950,0
Germany,1960,0
Germany,1970,0
Germany,1980,0
Germany,1990,20520
Germany,2000,33155.8
Germany,2010,695
Germany,2020,200
Ghana,1900,0
Ghana,1910,0
Ghana,1920,0
Ghana,1930,0
Ghana,1940,0
Ghana,1950,0
Ghana,1960,2500
Ghana,1970,0
Ghana,1980,280
Ghana,1990,302460.2
Ghana,2000,69637
Ghana,2010,126732
Ghana,2020,9328
Greece,1900,0
Greece,1910,0
Greece,1920,0
Greece,1930,0
Greece,1940,0
Greece,1950,0
Greece,1960,0
Greece,1970,160
Greece,1980,0
Greece,1990,190
Greece,2000,1218
Greece,2010,707.4
Greece,2020,1286
Grenada,1900,0
Grenada,1910,0
Grenada,1920,0
Grenada,1930,0
Grenada,1940,0
Grenada,1950,0
Grenada,1960,0
Grenada,1970,0
Grenada,1980,0
Grenada,1990,0
Grenada,2000,0
Grenada,2010,0
Grenada,2020,0
Guadeloupe,1900,0
Guadeloupe,1910,0
Guadeloupe,1920,0
Guadeloupe,1930,0
Guadeloupe,1940,0
Guadeloupe,1950,0
Guadeloupe,1960,0
Guadeloupe,1970,0
Guadeloupe,1980,0
Guadeloupe,1990,0
Guadeloupe,2000,0
Guadeloupe,2010,0
Guadeloupe,2020,0
Guam,1900,0
Guam,1910,0
Guam,1920,0
Guam,1930,0
Guam,1940,0
Guam,1950,0
Guam,1960,0
Guam,1970,0
Guam,1980,0
Guam,1990,0
Guam,2000,0
Guam,2010,0
Guam,2020,0
Guatemala,1900,0
Guatemala,1910,0
Guatemala,1920,0
Guatemala,1930,0
Guatemala,1940,0
Guatemala,1950,0
Guatemala,1960,0
Guatemala,1970,100
Guatemala,1980,3277.1
Guatemala,1990,1405.8
Guatemala,2000,31192.2
Guatemala,2010,72273.8
Guatemala,2020,1466942.8
Guinea,1900,0
Guinea,1910,0
Guinea,1920,0
Guinea,1930,0
Guinea,1940,0
Guinea,1950,0
Guinea,1960,0
Guinea,1970,0
Guinea,1980,500
Guinea,1990,606.6
Guinea,2000,28608.5
Guinea,2010,11219
Guinea,2020,39162.6
Guinea-Bissau,1900,0
Guinea-Bissau,1910,0
Guinea-Bissau,1920,0
Guinea-Bissau,1930,0
Guinea-Bissau,1940,0
Guinea-Bissau,1950,0
Guinea-Bissau,1960,0
Guinea-Bissau,1970,0
Guinea-Bissau,1980,0
Guinea-Bissau,1990,0
Guinea-Bissau,2000,175
Guinea-Bissau,2010,5679.2
Guinea-Bissau,2020,0
Guyana,1900,0
Guyana,1910,0
Guyana,1920,0
Guyana,1930,0
Guyana,1940,0
Guyana,1950,0
Guyana,1960,0
Guyana,1970,2100
Guyana,1980,0
Guyana,1990,3800
Guyana,2000,40977.4
Guyana,2010,20227.4
Guyana,2020,7000
Haiti,1900,0
Haiti,1910,0
Haiti,1920,0
Haiti,1930,0
Haiti,1940,0
Haiti,1950,0
Haiti,1960,0
Haiti,1970,4000
Haiti,1980,18160.1
Haiti,1990,509
Haiti,2000,39474.3
Haiti,2010,31053.5
Haiti,2020,5276
High-income countries,1900,0
High-income countries,1910,0
High-income countries,1920,600
High-income countries,1930,0
High-income countries,1940,0
High-income countries,1950,304838.4
High-income countries,1960,681335
High-income countries,1970,407425.7
High-income countries,1980,190725
High-income countries,1990,232680.1
High-income countries,2000,1496099
High-income countries,2010,468336.3
High-income countries,2020,518286.4
Honduras,1900,0
Honduras,1910,0
Honduras,1920,0
Honduras,1930,0
Honduras,1940,0
Honduras,1950,0
Honduras,1960,600
Honduras,1970,5500
Honduras,1980,4612.5
Honduras,1990,74894.8
Honduras,2000,33695.1
Honduras,2010,60277.6
Honduras,2020,19231.4
Hong Kong,1900,0
Hong Kong,1910,0
Hong Kong,1920,0
Hong Kong,1930,0
Hong Kong,1940,0
Hong Kong,1950,0
Hong Kong,1960,2043.6
Hong Kong,1970,2746.3
Hong Kong,1980,401.9
Hong Kong,1990,564.5
Hong Kong,2000,0
Hong Kong,2010,0
Hong Kong,2020,23.8
Hungary,1900,0
Hungary,1910,0
Hungary,1920,0
Hungary,1930,0
Hungary,1940,0
Hungary,1950,0
Hungary,1960,0
Hungary,1970,0
Hungary,1980,0
Hungary,1990,13369.5
Hungary,2000,4582.3
Hungary,2010,5934.7
Hungary,2020,0
Iceland,1900,0
Iceland,1910,0
Iceland,1920,0
Iceland,1930,0
Iceland,1940,0
Iceland,1950,0
Iceland,1960,0
Iceland,1970,0
Iceland,1980,28
Iceland,1990,0
Iceland,2000,0
Iceland,2010,0
Iceland,2020,0
India,1900,0
India,1910,0
India,1920,200
India,1930,0
India,1940,0
India,1950,13000
India,1960,1133261
India,1970,10557100
India,1980,15314602
India,1990,27940384
India,2000,24740866
India,2010,9753587
India,2020,3132165.5
Indonesia,1900,0
Indonesia,1910,0
Indonesia,1920,0
Indonesia,1930,0
Indonesia,1940,0
Indonesia,1950,0
Indonesia,1960,87810
Indonesia,1970,62647
Indonesia,1980,149332.7
Indonesia,1990,232354.8
Indonesia,2000,339680.9
Indonesia,2010,261999.3
Indonesia,2020,540841.6
Iran,1900,0
Iran,1910,0
Iran,1920,0
Iran,1930,0
Iran,1940,0
Iran,1950,0
Iran,1960,7
Iran,1970,0
Iran,1980,129020
Iran,1990,93737.7
Iran,2000,142488.7
Iran,2010,1047776.7
Iran,2020,130712.4
Iraq,1900,0
Iraq,1910,0
Iraq,1920,0
Iraq,1930,0
Iraq,1940,0
Iraq,1950,0
Iraq,1960,41000
Iraq,1970,0
Iraq,1980,0
Iraq,1990,0
Iraq,2000,7151
Iraq,2010,9786.6
Iraq,2020,2440.6
Ireland,1900,0
Ireland,1910,0
Ireland,1920,0
Ireland,1930,0
Ireland,1940,0
Ireland,1950,0
Ireland,1960,0
Ireland,1970,0
Ireland,1980,0
Ireland,1990,350
Ireland,2000,30
Ireland,2010,90
Ireland,2020,0
Isle of Man,1900,0
Isle of Man,1910,0
Isle of Man,1920,0
Isle of Man,1930,0
Isle of Man,1940,0
Isle of Man,1950,0
Isle of Man,1960,0
Isle of Man,1970,0
Isle of Man,1980,0
Isle of Man,1990,0
Isle of Man,2000,0
Isle of Man,2010,0
Isle of Man,2020,0
Israel,1900,0
Israel,1910,0
Israel,1920,0
Israel,1930,0
Israel,1940,0
Israel,1950,0
Israel,1960,0
Israel,1970,0
Israel,1980,0
Israel,1990,100
Israel,2000,0
Israel,2010,0
Israel,2020,0
Italy,1900,0
Italy,1910,0
Italy,1920,0
Italy,1930,0
Italy,1940,0
Italy,1950,17750
Italy,1960,130300
Italy,1970,130265
Italy,1980,3
Italy,1990,1880
Italy,2000,6283.2
Italy,2010,1698.4
Italy,2020,9480.6
Jamaica,1900,0
Jamaica,1910,0
Jamaica,1920,0
Jamaica,1930,0
Jamaica,1940,200
Jamaica,1950,0
Jamaica,1960,0
Jamaica,1970,25000
Jamaica,1980,6600
Jamaica,1990,55571.2
Jamaica,2000,3000
Jamaica,2010,0
Jamaica,2020,0
Japan,1900,0
Japan,1910,0
Japan,1920,0
Japan,1930,0
Japan,1940,0
Japan,1950,246353.4
Japan,1960,430240
Japan,1970,4305
Japan,1980,18934.7
Japan,1990,6556
Japan,2000,46059.4
Japan,2010,160903.2
Japan,2020,59148
Jordan,1900,0
Jordan,1910,0
Jordan,1920,0
Jordan,1930,0
Jordan,1940,0
Jordan,1950,0
Jordan,1960,629.2
Jordan,1970,0
Jordan,1980,2.9
Jordan,1990,1800
Jordan,2000,0
Jordan,2010,6.4
Jordan,2020,0
Kazakhstan,1900,0
Kazakhstan,1910,0
Kazakhstan,1920,0
Kazakhstan,1930,0
Kazakhstan,1940,0
Kazakhstan,1950,0
Kazakhstan,1960,0
Kazakhstan,1970,0
Kazakhstan,1980,0
Kazakhstan,1990,3000
Kazakhstan,2000,4416.8
Kazakhstan,2010,7737.9
Kazakhstan,2020,9600
Kenya,1900,0
Kenya,1910,0
Kenya,1920,0
Kenya,1930,0
Kenya,1940,0
Kenya,1950,0
Kenya,1960,1500
Kenya,1970,3600
Kenya,1980,300
Kenya,1990,90120
Kenya,2000,125328.7
Kenya,2010,148896.2
Kenya,2020,254748.2
Kiribati,1900,0
Kiribati,1910,0
Kiribati,1920,0
Kiribati,1930,0
Kiribati,1940,0
Kiribati,1950,0
Kiribati,1960,0
Kiribati,1970,0
Kiribati,1980,0
Kiribati,1990,0
Kiribati,2000,8.5
Kiribati,2010,22
Kiribati,2020,0
Kuwait,1900,0
Kuwait,1910,0
Kuwait,1920,0
Kuwait,1930,0
Kuwait,1940,0
Kuwait,1950,0
Kuwait,1960,0
Kuwait,1970,0
Kuwait,1980,0
Kuwait,1990,20
Kuwait,2000,0
Kuwait,2010,0
Kuwait,2020,0
Kyrgyzstan,1900,0
Kyrgyzstan,1910,0
Kyrgyzstan,1920,0
Kyrgyzstan,1930,0
Kyrgyzstan,1940,0
Kyrgyzstan,1950,0
Kyrgyzstan,1960,0
Kyrgyzstan,1970,0
Kyrgyzstan,1980,0
Kyrgyzstan,1990,772.8
Kyrgyzstan,2000,289.5
Kyrgyzstan,2010,1100
Kyrgyzstan,2020,0
Laos,1900,0
Laos,1910,0
Laos,1920,0
Laos,1930,0
Laos,1940,0
Laos,1950,0
Laos,1960,8160
Laos,1970,57400
Laos,1980,200
Laos,1990,153355
Laos,2000,125719
Laos,2010,163687.1
Laos,2020,22287.4
Latvia,1900,0
Latvia,1910,0
Latvia,1920,0
Latvia,1930,0
Latvia,1940,0
Latvia,1950,0
Latvia,1960,0
Latvia,1970,0
Latvia,1980,0
Latvia,1990,0
Latvia,2000,0
Latvia,2010,0
Latvia,2020,40
Lebanon,1900,0
Lebanon,1910,0
Lebanon,1920,0
Lebanon,1930,0
Lebanon,1940,0
Lebanon,1950,0
Lebanon,1960,0
Lebanon,1970,0
Lebanon,1980,150
Lebanon,1990,0
Lebanon,2000,1700
Lebanon,2010,0
Lebanon,2020,0
Lesotho,1900,0
Lesotho,1910,0
Lesotho,1920,0
Lesotho,1930,0
Lesotho,1940,0
Lesotho,1950,0
Lesotho,1960,0
Lesotho,1970,0
Lesotho,1980,18000
Lesotho,1990,0
Lesotho,2000,0
Lesotho,2010,500
Lesotho,2020,0
Liberia,1900,0
Liberia,1910,0
Liberia,1920,0
Liberia,1930,0
Liberia,1940,0
Liberia,1950,0
Liberia,1960,0
Liberia,1970,0
Liberia,1980,0
Liberia,1990,500
Liberia,2000,1792.4
Liberia,2010,3091.7
Liberia,2020,0
Libya,1900,0
Libya,1910,0
Libya,1920,0
Libya,1930,0
Libya,1940,0
Libya,1950,0
Libya,1960,0
Libya,1970,0
Libya,1980,0
Libya,1990,0
Libya,2000,0
Libya,2010,2203
Libya,2020,0
Lithuania,1900,0
Lithuania,1910,0
Lithuania,1920,0
Lithuania,1930,0
Lithuania,1940,0
Lithuania,1950,0
Lithuania,1960,0
Lithuania,1970,0
Lithuania,1980,0
Lithuania,1990,0
Lithuania,2000,0
Lithuania,2010,0
Lithuania,2020,0
Low-income countries,1900,0
Low-income countries,1910,0
Low-income countries,1920,0
Low-income countries,1930,0
Low-income countries,1940,0
Low-income countries,1950,0
Low-income countries,1960,10950
Low-income countries,1970,434358.4
Low-income countries,1980,439584.1
Low-income countries,1990,1606586.5
Low-income countries,2000,1562746.9
Low-income countries,2010,1750947.8
Low-income countries,2020,3484636.5
Lower-middle-income countries,1900,0
Lower-middle-income countries,1910,0
Lower-middle-income countries,1920,200
Lower-middle-income countries,1930,0
Lower-middle-income countries,1940,0
Lower-middle-income countries,1950,13000
Lower-middle-income countries,1960,3174076.5
Lower-middle-income countries,1970,18384048
Lower-middle-income countries,1980,29027712
Lower-middle-income countries,1990,39070464
Lower-middle-income countries,2000,35845060
Lower-middle-income countries,2010,23682092
Lower-middle-income countries,2020,16346195
Luxembourg,1900,0
Luxembourg,1910,0
Luxembourg,1920,0
Luxembourg,1930,0
Luxembourg,1940,0
Luxembourg,1950,0
Luxembourg,1960,0
Luxembourg,1970,0
Luxembourg,1980,0
Luxembourg,1990,0
Luxembourg,2000,0
Luxembourg,2010,0
Luxembourg,2020,0
Macao,1900,0
Macao,1910,0
Macao,1920,0
Macao,1930,0
Macao,1940,0
Macao,1950,0
Macao,1960,0
Macao,1970,0
Macao,1980,0
Macao,1990,0
Macao,2000,0
Macao,2010,0
Macao,2020,0
Madagascar,1900,0
Madagascar,1910,0
Madagascar,1920,0
Madagascar,1930,0
Madagascar,1940,0
Madagascar,1950,0
Madagascar,1960,0
Madagascar,1970,0
Madagascar,1980,2822.3
Madagascar,1990,2000
Madagascar,2000,11598.7
Madagascar,2010,2400
Madagascar,2020,34072
Malawi,1900,0
Malawi,1910,0
Malawi,1920,0
Malawi,1930,0
Malawi,1940,0
Malawi,1950,0
Malawi,1960,350
Malawi,1970,2000
Malawi,1980,10600
Malawi,1990,56830
Malawi,2000,122343.5
Malawi,2010,192723.7
Malawi,2020,22087.8
Malaysia,1900,0
Malaysia,1910,0
Malaysia,1920,0
Malaysia,1930,0
Malaysia,1940,0
Malaysia,1950,0
Malaysia,1960,44000
Malaysia,1970,24600
Malaysia,1980,10257.6
Malaysia,1990,2991.8
Malaysia,2000,41356.4
Malaysia,2010,42119.9
Malaysia,2020,71645.8
Maldives,1900,0
Maldives,1910,0
Maldives,1920,0
Maldives,1930,0
Maldives,1940,0
Maldives,1950,0
Maldives,1960,0
Maldives,1970,0
Maldives,1980,30
Maldives,1990,0
Maldives,2000,164.9
Maldives,2010,180
Maldives,2020,0
Mali,1900,0
Mali,1910,0
Mali,1920,0
Mali,1930,0
Mali,1940,0
Mali,1950,0
Mali,1960,0
Mali,1970,0
Mali,1980,2463.5
Mali,1990,863.4
Mali,2000,15064.3
Mali,2010,12504.6
Mali,2020,15802.4
Malta,1900,0
Malta,1910,0
Malta,1920,0
Malta,1930,0
Malta,1940,0
Malta,1950,0
Malta,1960,0
Malta,1970,0
Malta,1980,0
Malta,1990,0
Malta,2000,0
Malta,2010,0
Malta,2020,0
Marshall Islands,1900,0
Marshall Islands,1910,0
Marshall Islands,1920,0
Marshall Islands,1930,0
Marshall Islands,1940,0
Marshall Islands,1950,0
Marshall Islands,1960,0
Marshall Islands,1970,0
Marshall Islands,1980,0
Marshall Islands,1990,0
Marshall Islands,2000,60
Marshall Islands,2010,36
Marshall Islands,2020,0
Martinique,1900,0
Martinique,1910,0
Martinique,1920,0
Martinique,1930,0
Martinique,1940,0
Martinique,1950,0
Martinique,1960,0
Martinique,1970,0
Martinique,1980,0
Martinique,1990,0
Martinique,2000,0
Martinique,2010,0
Martinique,2020,0
Mauritania,1900,0
Mauritania,1910,0
Mauritania,1920,0
Mauritania,1930,0
Mauritania,1940,0
Mauritania,1950,0
Mauritania,1960,0
Mauritania,1970,0
Mauritania,1980,990
Mauritania,1990,2440
Mauritania,2000,13373.9
Mauritania,2010,4888
Mauritania,2020,11221.6
Mauritius,1900,0
Mauritius,1910,0
Mauritius,1920,0
Mauritius,1930,0
Mauritius,1940,0
Mauritius,1950,0
Mauritius,1960,0
Mauritius,1970,0
Mauritius,1980,0
Mauritius,1990,0
Mauritius,2000,0
Mauritius,2010,8.2
Mauritius,2020,0
Mexico,1900,0
Mexico,1910,0
Mexico,1920,0
Mexico,1930,0
Mexico,1940,0
Mexico,1950,0
Mexico,1960,834.5
Mexico,1970,31709.7
Mexico,1980,12541.2
Mexico,1990,98055
Mexico,2000,189612.4
Mexico,2010,156056.2
Mexico,2020,22154
Micronesia (country),1900,0
Micronesia (country),1910,0
Micronesia (country),1920,0
Micronesia (country),1930,0
Micronesia (country),1940,0
Micronesia (country),1950,0
Micronesia (country),1960,0
Micronesia (country),1970,0
Micronesia (country),1980,0
Micronesia (country),1990,0
Micronesia (country),2000,0
Micronesia (country),2010,0
Micronesia (country),2020,0
Moldova,1900,0
Moldova,1910,0
Moldova,1920,0
Moldova,1930,0
Moldova,1940,0
Moldova,1950,0
Moldova,1960,0
Moldova,1970,0
Moldova,1980,0
Moldova,1990,2895.7
Moldova,2000,1100
Moldova,2010,1200
Moldova,2020,0
Mongolia,1900,0
Mongolia,1910,0
Mongolia,1920,0
Mongolia,1930,0
Mongolia,1940,0
Mongolia,1950,0
Mongolia,1960,27000
Mongolia,1970,0
Mongolia,1980,0
Mongolia,1990,0
Mongolia,2000,1665
Mongolia,2010,880.1
Mongolia,2020,65539.6
Montenegro,1900,0
Montenegro,1910,0
Montenegro,1920,0
Montenegro,1930,0
Montenegro,1940,0
Montenegro,1950,0
Montenegro,1960,0
Montenegro,1970,0
Montenegro,1980,0
Montenegro,1990,0
Montenegro,2000,127.1
Montenegro,2010,661.5
Montenegro,2020,0
Montserrat,1900,0
Montserrat,1910,0
Montserrat,1920,0
Montserrat,1930,0
Montserrat,1940,0
Montserrat,1950,0
Montserrat,1960,0
Montserrat,1970,0
Montserrat,1980,0
Montserrat,1990,0
Montserrat,2000,0
Montserrat,2010,0
Montserrat,2020,0
Morocco,1900,0
Morocco,1910,0
Morocco,1920,0
Morocco,1930,0
Morocco,1940,0
Morocco,1950,0
Morocco,1960,8282.3
Morocco,1970,32273.6
Morocco,1980,0
Morocco,1990,9800
Morocco,2000,5788.7
Morocco,2010,7723.8
Morocco,2020,277
Mozambique,1900,0
Mozambique,1910,0
Mozambique,1920,0
Mozambique,1930,0
Mozambique,1940,0
Mozambique,1950,0
Mozambique,1960,5000
Mozambique,1970,121500
Mozambique,1980,100000
Mozambique,1990,47000
Mozambique,2000,622512.6
Mozambique,2010,89699.5
Mozambique,2020,76034.4
Myanmar,1900,0
Myanmar,1910,0
Myanmar,1920,0
Myanmar,1930,0
Myanmar,1940,0
Myanmar,1950,0
Myanmar,1960,0
Myanmar,1970,161300
Myanmar,1980,0
Myanmar,1990,58396.4
Myanmar,2000,23041.4
Myanmar,2010,299508.9
Myanmar,2020,45067
Namibia,1900,0
Namibia,1910,0
Namibia,1920,0
Namibia,1930,0
Namibia,1940,0
Namibia,1950,0
Namibia,1960,0
Namibia,1970,0
Namibia,1980,0
Namibia,1990,0
Namibia,2000,47430
Namibia,2010,62765.2
Namibia,2020,718.2
Nepal,1900,0
Nepal,1910,0
Nepal,1920,0
Nepal,1930,0
Nepal,1940,0
Nepal,1950,0
Nepal,1960,100
Nepal,1970,4774.8
Nepal,1980,62360.7
Nepal,1990,80970
Nepal,2000,208943.4
Nepal,2010,202463.5
Nepal,2020,25827
Netherlands,1900,0
Netherlands,1910,0
Netherlands,1920,0
Netherlands,1930,0
Netherlands,1940,0
Netherlands,1950,30000
Netherlands,1960,0
Netherlands,1970,0
Netherlands,1980,0
Netherlands,1990,1500
Netherlands,2000,0
Netherlands,2010,0
Netherlands,2020,0
Netherlands Antilles,1900,0
Netherlands Antilles,1910,0
Netherlands Antilles,1920,0
Netherlands Antilles,1930,0
Netherlands Antilles,1940,0
Netherlands Antilles,1950,0
Netherlands Antilles,1960,0
Netherlands Antilles,1970,0
Netherlands Antilles,1980,0
Netherlands Antilles,1990,0
Netherlands Antilles,2000,0
Netherlands Antilles,2010,0
Netherlands Antilles,2020,0
New Caledonia,1900,0
New Caledonia,1910,0
New Caledonia,1920,0
New Caledonia,1930,0
New Caledonia,1940,0
New Caledonia,1950,0
New Caledonia,1960,0
New Caledonia,1970,0
New Caledonia,1980,0
New Caledonia,1990,0
New Caledonia,2000,0
New Caledonia,2010,0
New Caledonia,2020,0
New Zealand,1900,0
New Zealand,1910,0
New Zealand,1920,0
New Zealand,1930,0
New Zealand,1940,0
New Zealand,1950,0
New Zealand,1960,0
New Zealand,1970,297.5
New Zealand,1980,1700.7
New Zealand,1990,103.5
New Zealand,2000,725
New Zealand,2010,310
New Zealand,2020,1846
Nicaragua,1900,0
Nicaragua,1910,0
Nicaragua,1920,0
Nicaragua,1930,0
Nicaragua,1940,0
Nicaragua,1950,0
Nicaragua,1960,156
Nicaragua,1970,3800
Nicaragua,1980,4000
Nicaragua,1990,21351.6
Nicaragua,2000,6411.9
Nicaragua,2010,35333.7
Nicaragua,2020,0
Niger,1900,0
Niger,1910,0
Niger,1920,0
Niger,1930,0
Niger,1940,0
Niger,1950,0
Niger,1960,0
Niger,1970,1600
Niger,1980,8000
Niger,1990,10638.7
Niger,2000,26903.4
Niger,2010,192824.4
Niger,2020,256041.2
Nigeria,1900,0
Nigeria,1910,0
Nigeria,1920,0
Nigeria,1930,0
Nigeria,1940,0
Nigeria,1950,0
Nigeria,1960,0
Nigeria,1970,0
Nigeria,1980,30600
Nigeria,1990,80400
Nigeria,2000,55752.1
Nigeria,2010,1075575.2
Nigeria,2020,607178.2
Niue,1900,0
Niue,1910,0
Niue,1920,0
Niue,1930,0
Niue,1940,0
Niue,1950,0
Niue,1960,0
Niue,1970,0
Niue,1980,0
Niue,1990,0
Niue,2000,0
Niue,2010,0
Niue,2020,0
North America,1900,0
North America,1910,0
North America,1920,0
North America,1930,0
North America,1940,200
North America,1950,10700
North America,1960,2310.8
North America,1970,80889.2
North America,1980,236275.3
North America,1990,424279.3
North America,2000,1499914.9
North America,2010,769814.7
North America,2020,1618476.8
North Korea,1900,0
North Korea,1910,0
North Korea,1920,0
North Korea,1930,0
North Korea,1940,0
North Korea,1950,0
North Korea,1960,0
North Korea,1970,0
North Korea,1980,2007.1
North Korea,1990,955130.7
North Korea,2000,172437.2
North Korea,2010,230118.1
North Korea,2020,18000
North Macedonia,1900,0
North Macedonia,1910,0
North Macedonia,1920,0
North Macedonia,1930,0
North Macedonia,1940,0
North Macedonia,1950,0
North Macedonia,1960,0
North Macedonia,1970,0
North Macedonia,1980,0
North Macedonia,1990,150
North Macedonia,2000,10990
North Macedonia,2010,14352.3
North Macedonia,2020,0
Northern Mariana Islands,1900,0
Northern Mariana Islands,1910,0
Northern Mariana Islands,1920,0
Northern Mariana Islands,1930,0
Northern Mariana Islands,1940,0
Northern Mariana Islands,1950,0
Northern Mariana Islands,1960,0
Northern Mariana Islands,1970,0
Northern Mariana Islands,1980,0
Northern Mariana Islands,1990,0
Northern Mariana Islands,2000,0
Northern Mariana Islands,2010,0
Northern Mariana Islands,2020,0
Norway,1900,0
Norway,1910,0
Norway,1920,0
Norway,1930,0
Norway,1940,0
Norway,1950,0
Norway,1960,0
Norway,1970,0
Norway,1980,0
Norway,1990,400
Norway,2000,210
Norway,2010,0
Norway,2020,0
Oceania,1900,0
Oceania,1910,0
Oceania,1920,0
Oceania,1930,0
Oceania,1940,0
Oceania,1950,0
Oceania,1960,1800
Oceania,1970,2497.5
Oceania,1980,24500.7
Oceania,1990,23836.6
Oceania,2000,16675.3
Oceania,2010,61325.6
Oceania,2020,67785.8
Oman,1900,0
Oman,1910,0
Oman,1920,0
Oman,1930,0
Oman,1940,0
Oman,1950,0
Oman,1960,0
Oman,1970,0
Oman,1980,0
Oman,1990,0
Oman,2000,0
Oman,2010,20
Oman,2020,58
Pakistan,1900,0
Pakistan,1910,0
Pakistan,1920,0
Pakistan,1930,0
Pakistan,1940,0
Pakistan,1950,0
Pakistan,1960,22442.7
Pakistan,1970,1363720
Pakistan,1980,130490
Pakistan,1990,1814860.6
Pakistan,2000,957415
Pakistan,2010,3649543.5
Pakistan,2020,6938734.5
Palau,1900,0
Palau,1910,0
Palau,1920,0
Palau,1930,0
Palau,1940,0
Palau,1950,0
Palau,1960,0
Palau,1970,0
Palau,1980,0
Palau,1990,0
Palau,2000,0
Palau,2010,0
Palau,2020,0
Palestine,1900,0
Palestine,1910,0
Palestine,1920,0
Palestine,1930,0
Palestine,1940,0
Palestine,1950,0
Palestine,1960,0
Palestine,1970,0
Palestine,1980,0
Palestine,1990,0
Palestine,2000,0
Palestine,2010,1450
Palestine,2020,0
Panama,1900,0
Panama,1910,0
Panama,1920,0
Panama,1930,0
Panama,1940,0
Panama,1950,0
Panama,1960,260
Panama,1970,5064.5
Panama,1980,700
Panama,1990,2145.6
Panama,2000,9366.7
Panama,2010,5000.5
Panama,2020,6098
Papua New Guinea,1900,0
Papua New Guinea,1910,0
Papua New Guinea,1920,0
Papua New Guinea,1930,0
Papua New Guinea,1940,0
Papua New Guinea,1950,0
Papua New Guinea,1960,0
Papua New Guinea,1970,0
Papua New Guinea,1980,1300
Papua New Guinea,1990,18200
Papua New Guinea,2000,10019.3
Papua New Guinea,2010,28895
Papua New Guinea,2020,12180
Paraguay,1900,0
Paraguay,1910,0
Paraguay,1920,0
Paraguay,1930,0
Paraguay,1940,0
Paraguay,1950,0
Paraguay,1960,3239
Paraguay,1970,21700
Paraguay,1980,23000
Paraguay,1990,43057.5
Paraguay,2000,1480
Paraguay,2010,108135.2
Paraguay,2020,10535
Peru,1900,0
Peru,1910,0
Peru,1920,0
Peru,1930,0
Peru,1940,0
Peru,1950,0
Peru,1960,5030
Peru,1970,48899
Peru,1980,32501.9
Peru,1990,84393
Peru,2000,72378.2
Peru,2010,376083
Peru,2020,114466.4
Philippines,1900,0
Philippines,1910,0
Philippines,1920,0
Philippines,1930,0
Philippines,1940,0
Philippines,1950,0
Philippines,1960,0
Philippines,1970,401924.6
Philippines,1980,85009.2
Philippines,1990,536225.9
Philippines,2000,413617.1
Philippines,2010,1918726.6
Philippines,2020,667690
Poland,1900,0
Poland,1910,0
Poland,1920,0
Poland,1930,0
Poland,1940,0
Poland,1950,0
Poland,1960,0
Poland,1970,100
Poland,1980,2132.4
Poland,1990,22570
Poland,2000,1985
Poland,2010,10070.3
Poland,2020,78
Portugal,1900,0
Portugal,1910,0
Portugal,1920,0
Portugal,1930,0
Portugal,1940,0
Portugal,1950,0
Portugal,1960,110
Portugal,1970,4522
Portugal,1980,290
Portugal,1990,305
Portugal,2000,64.6
Portugal,2010,61.8
Portugal,2020,0
Puerto Rico,1900,0
Puerto Rico,1910,0
Puerto Rico,1920,0
Puerto Rico,1930,0
Puerto Rico,1940,0
Puerto Rico,1950,0
Puerto Rico,1960,0
Puerto Rico,1970,0
Puerto Rico,1980,0
Puerto Rico,1990,60
Puerto Rico,2000,1188.5
Puerto Rico,2010,40
Puerto Rico,2020,0
Qatar,1900,0
Qatar,1910,0
Qatar,1920,0
Qatar,1930,0
Qatar,1940,0
Qatar,1950,0
Qatar,1960,0
Qatar,1970,0
Qatar,1980,0
Qatar,1990,0
Qatar,2000,0
Qatar,2010,150
Qatar,2020,0
Reunion,1900,0
Reunion,1910,0
Reunion,1920,0
Reunion,1930,0
Reunion,1940,0
Reunion,1950,0
Reunion,1960,0
Reunion,1970,0
Reunion,1980,0
Reunion,1990,0
Reunion,2000,0
Reunion,2010,0
Reunion,2020,0
Romania,1900,0
Romania,1910,0
Romania,1920,0
Romania,1930,0
Romania,1940,0
Romania,1950,0
Romania,1960,0
Romania,1970,123875.5
Romania,1980,200
Romania,1990,16335.3
Romania,2000,21208.1
Romania,2010,2302.4
Romania,2020,252.2
Russia,1900,0
Russia,1910,0
Russia,1920,0
Russia,1930,0
Russia,1940,0
Russia,1950,0
Russia,1960,0
Russia,1970,0
Russia,1980,0
Russia,1990,123818.6
Russia,2000,87430.4
Russia,2010,26371.6
Russia,2020,5877.6
Rwanda,1900,0
Rwanda,1910,0
Rwanda,1920,0
Rwanda,1930,0
Rwanda,1940,0
Rwanda,1950,0
Rwanda,1960,0
Rwanda,1970,190000
Rwanda,1980,2167.8
Rwanda,1990,0
Rwanda,2000,4586.2
Rwanda,2010,5056.8
Rwanda,2020,16447.4
Saint Barthelemy,1900,0
Saint Barthelemy,1910,0
Saint Barthelemy,1920,0
Saint Barthelemy,1930,0
Saint Barthelemy,1940,0
Saint Barthelemy,1950,0
Saint Barthelemy,1960,0
Saint Barthelemy,1970,0
Saint Barthelemy,1980,0
Saint Barthelemy,1990,0
Saint Barthelemy,2000,0
Saint Barthelemy,2010,0
Saint Barthelemy,2020,0
Saint Helena,1900,0
Saint Helena,1910,0
Saint Helena,1920,0
Saint Helena,1930,0
Saint Helena,1940,0
Saint Helena,1950,0
Saint Helena,1960,0
Saint Helena,1970,0
Saint Helena,1980,0
Saint Helena,1990,0
Saint Helena,2000,0
Saint Helena,2010,0
Saint Helena,2020,0
Saint Kitts and Nevis,1900,0
Saint Kitts and Nevis,1910,0
Saint Kitts and Nevis,1920,0
Saint Kitts and Nevis,1930,0
Saint Kitts and Nevis,1940,0
Saint Kitts and Nevis,1950,0
Saint Kitts and Nevis,1960,0
Saint Kitts and Nevis,1970,0
Saint Kitts and Nevis,1980,0
Saint Kitts and Nevis,1990,0
Saint Kitts and Nevis,2000,0
Saint Kitts and Nevis,2010,0
Saint Kitts and Nevis,2020,0
Saint Lucia,1900,0
Saint Lucia,1910,0
Saint Lucia,1920,0
Saint Lucia,1930,0
Saint Lucia,1940,0
Saint Lucia,1950,0
Saint Lucia,1960,0
Saint Lucia,1970,0
Saint Lucia,1980,0
Saint Lucia,1990,0
Saint Lucia,2000,0
Saint Lucia,2010,2198.4
Saint Lucia,2020,1100
Saint Martin (French part),1900,0
Saint Martin (French part),1910,0
Saint Martin (French part),1920,0
Saint Martin (French part),1930,0
Saint Martin (French part),1940,0
Saint Martin (French part),1950,0
Saint Martin (French part),1960,0
Saint Martin (French part),1970,0
Saint Martin (French part),1980,0
Saint Martin (French part),1990,0
Saint Martin (French part),2000,0
Saint Martin (French part),2010,0
Saint Martin (French part),2020,0
Saint Vincent and the Grenadines,1900,0
Saint Vincent and the Grenadines,1910,0
Saint Vincent and the Grenadines,1920,0
Saint Vincent and the Grenadines,1930,0
Saint Vincent and the Grenadines,1940,0
Saint Vincent and the Grenadines,1950,0
Saint Vincent and the Grenadines,1960,0
Saint Vincent and the Grenadines,1970,0
Saint Vincent and the Grenadines,1980,115.2
Saint Vincent and the Grenadines,1990,20
Saint Vincent and the Grenadines,2000,0
Saint Vincent and the Grenadines,2010,4269.7
Saint Vincent and the Grenadines,2020,0
Samoa,1900,0
Samoa,1910,0
Samoa,1920,0
Samoa,1930,0
Samoa,1940,0
Samoa,1950,0
Samoa,1960,0
Samoa,1970,0
Samoa,1980,0
Samoa,1990,0
Samoa,2000,0
Samoa,2010,0
Samoa,2020,0
Sao Tome and Principe,1900,0
Sao Tome and Principe,1910,0
Sao Tome and Principe,1920,0
Sao Tome and Principe,1930,0
Sao Tome and Principe,1940,0
Sao Tome and Principe,1950,0
Sao Tome and Principe,1960,0
Sao Tome and Principe,1970,0
Sao Tome and Principe,1980,0
Sao Tome and Principe,1990,0
Sao Tome and Principe,2000,0
Sao Tome and Principe,2010,0
Sao Tome and Principe,2020,43933.6
Saudi Arabia,1900,0
Saudi Arabia,1910,0
Saudi Arabia,1920,0
Saudi Arabia,1930,0
Saudi Arabia,1940,0
Saudi Arabia,1950,0
Saudi Arabia,1960,100
Saudi Arabia,1970,0
Saudi Arabia,1980,500
Saudi Arabia,1990,0
Saudi Arabia,2000,2354.7
Saudi Arabia,2010,392
Saudi Arabia,2020,120
Senegal,1900,0
Senegal,1910,0
Senegal,1920,0
Senegal,1930,0
Senegal,1940,0
Senegal,1950,0
Senegal,1960,200
Senegal,1970,0
Senegal,1980,1800
Senegal,1990,32250
Senegal,2000,52966.9
Senegal,2010,34765.6
Senegal,2020,7402
Serbia,1900,0
Serbia,1910,0
Serbia,1920,0
Serbia,1930,0
Serbia,1940,0
Serbia,1950,0
Serbia,1960,0
Serbia,1970,0
Serbia,1980,0
Serbia,1990,0
Serbia,2000,1558
Serbia,2010,8803.6
Serbia,2020,3552.8
Serbia and Montenegro,1900,0
Serbia and Montenegro,1910,0
Serbia and Montenegro,1920,0
Serbia and Montenegro,1930,0
Serbia and Montenegro,1940,0
Serbia and Montenegro,1950,0
Serbia and Montenegro,1960,0
Serbia and Montenegro,1970,0
Serbia and Montenegro,1980,0
Serbia and Montenegro,1990,7700.8
Serbia and Montenegro,2000,4839
Serbia and Montenegro,2010,0
Serbia and Montenegro,2020,0
Seychelles,1900,0
Seychelles,1910,0
Seychelles,1920,0
Seychelles,1930,0
Seychelles,1940,0
Seychelles,1950,0
Seychelles,1960,0
Seychelles,1970,0
Seychelles,1980,0
Seychelles,1990,123.7
Seychelles,2000,0
Seychelles,2010,443.5
Seychelles,2020,0
Sierra Leone,1900,0
Sierra Leone,1910,0
Sierra Leone,1920,0
Sierra Leone,1930,0
Sierra Leone,1940,0
Sierra Leone,1950,0
Sierra Leone,1960,0
Sierra Leone,1970,0
Sierra Leone,1980,0
Sierra Leone,1990,20000
Sierra Leone,2000,2097
Sierra Leone,2010,3491.8
Sierra Leone,2020,2596.4
Sint Maarten (Dutch part),1900,0
Sint Maarten (Dutch part),1910,0
Sint Maarten (Dutch part),1920,0
Sint Maarten (Dutch part),1930,0
Sint Maarten (Dutch part),1940,0
Sint Maarten (Dutch part),1950,0
Sint Maarten (Dutch part),1960,0
Sint Maarten (Dutch part),1970,0
Sint Maarten (Dutch part),1980,0
Sint Maarten (Dutch part),1990,0
Sint Maarten (Dutch part),2000,0
Sint Maarten (Dutch part),2010,0
Sint Maarten (Dutch part),2020,0
Slovakia,1900,0
Slovakia,1910,0
Slovakia,1920,0
Slovakia,1930,0
Slovakia,1940,0
Slovakia,1950,0
Slovakia,1960,0
Slovakia,1970,0
Slovakia,1980,0
Slovakia,1990,4781.5
Slovakia,2000,33
Slovakia,2010,85
Slovakia,2020,50
Slovenia,1900,0
Slovenia,1910,0
Slovenia,1920,0
Slovenia,1930,0
Slovenia,1940,0
Slovenia,1950,0
Slovenia,1960,0
Slovenia,1970,0
Slovenia,1980,0
Slovenia,1990,0
Slovenia,2000,0
Slovenia,2010,1455
Slovenia,2020,300324
Solomon Islands,1900,0
Solomon Islands,1910,0
Solomon Islands,1920,0
Solomon Islands,1930,0
Solomon Islands,1940,0
Solomon Islands,1950,0
Solomon Islands,1960,0
Solomon Islands,1970,0
Solomon Islands,1980,0
Solomon Islands,1990,0
Solomon Islands,2000,700
Solomon Islands,2010,8308
Solomon Islands,2020,0
Somalia,1900,0
Somalia,1910,0
Somalia,1920,0
Somalia,1930,0
Somalia,1940,0
Somalia,1950,0
Somalia,1960,0
Somalia,1970,4000
Somalia,1980,11000
Somalia,1990,124060
Somalia,2000,93958.2
Somalia,2010,236249.6
Somalia,2020,984287.8
South Africa,1900,0
South Africa,1910,0
South Africa,1920,0
South Africa,1930,0
South Africa,1940,0
South Africa,1950,0
South Africa,1960,0
South Africa,1970,100
South Africa,1980,6518.5
South Africa,1990,4063.7
South Africa,2000,13332.8
South Africa,2010,34470.6
South Africa,2020,38555
South America,1900,0
South America,1910,0
South America,1920,0
South America,1930,0
South America,1940,0
South America,1950,0
South America,1960,185463.9
South America,1970,938463.3
South America,1980,2358529.8
South America,1990,391357.5
South America,2000,1451983
South America,2010,1566305.2
South America,2020,1292479.4
South Korea,1900,0
South Korea,1910,0
South Korea,1920,0
South Korea,1930,0
South Korea,1940,0
South Korea,1950,0
South Korea,1960,76975.1
South Korea,1970,121333.9
South Korea,1980,50517.1
South Korea,1990,40276.2
South Korea,2000,34194
South Korea,2010,2900
South Korea,2020,7390.4
South Sudan,1900,0
South Sudan,1910,0
South Sudan,1920,0
South Sudan,1930,0
South Sudan,1940,0
South Sudan,1950,0
South Sudan,1960,0
South Sudan,1970,0
South Sudan,1980,0
South Sudan,1990,0
South Sudan,2000,9279.1
South Sudan,2010,198480
South Sudan,2020,575400
Spain,1900,0
Spain,1910,0
Spain,1920,0
Spain,1930,0
Spain,1940,0
Spain,1950,0
Spain,1960,0
Spain,1970,5
Spain,1980,73620
Spain,1990,440
Spain,2000,681
Spain,2010,746.8
Spain,2020,1250
Sri Lanka,1900,0
Sri Lanka,1910,0
Sri Lanka,1920,0
Sri Lanka,1930,0
Sri Lanka,1940,0
Sri Lanka,1950,0
Sri Lanka,1960,139934.7
Sri Lanka,1970,200
Sri Lanka,1980,254048.5
Sri Lanka,1990,332573.6
Sri Lanka,2000,383606.7
Sri Lanka,2010,584752.6
Sri Lanka,2020,210081
Sudan,1900,0
Sudan,1910,0
Sudan,1920,0
Sudan,1930,0
Sudan,1940,0
Sudan,1950,0
Sudan,1960,0
Sudan,1970,24500
Sudan,1980,263200
Sudan,1990,150920.6
Sudan,2000,152662.6
Sudan,2010,166345.9
Sudan,2020,305436
Suriname,1900,0
Suriname,1910,0
Suriname,1920,0
Suriname,1930,0
Suriname,1940,0
Suriname,1950,0
Suriname,1960,460
Suriname,1970,0
Suriname,1980,0
Suriname,1990,0
Suriname,2000,3154.8
Suriname,2010,0
Suriname,2020,3820
Sweden,1900,0
Sweden,1910,0
Sweden,1920,0
Sweden,1930,0
Sweden,1940,0
Sweden,1950,0
Sweden,1960,0
Sweden,1970,0
Sweden,1980,0
Sweden,1990,0
Sweden,2000,0
Sweden,2010,0
Sweden,2020,2700
Switzerland,1900,0
Switzerland,1910,0
Switzerland,1920,0
Switzerland,1930,0
Switzerland,1940,0
Switzerland,1950,0
Switzerland,1960,0
Switzerland,1970,0
Switzerland,1980,0
Switzerland,1990,0
Switzerland,2000,560.1
Switzerland,2010,0
Switzerland,2020,0
Syria,1900,0
Syria,1910,0
Syria,1920,0
Syria,1930,0
Syria,1940,0
Syria,1950,0
Syria,1960,4000
Syria,1970,20500
Syria,1980,0
Syria,1990,0
Syria,2000,0
Syria,2010,23500
Syria,2020,30910.8
Taiwan,1900,0
Taiwan,1910,0
Taiwan,1920,0
Taiwan,1930,0
Taiwan,1940,0
Taiwan,1950,0
Taiwan,1960,0
Taiwan,1970,2600
Taiwan,1980,1.5
Taiwan,1990,30
Taiwan,2000,300
Taiwan,2010,3907.4
Taiwan,2020,0
Tajikistan,1900,0
Tajikistan,1910,0
Tajikistan,1920,0
Tajikistan,1930,0
Tajikistan,1940,0
Tajikistan,1950,0
Tajikistan,1960,0
Tajikistan,1970,0
Tajikistan,1980,0
Tajikistan,1990,30083.3
Tajikistan,2000,44561.7
Tajikistan,2010,6625.8
Tajikistan,2020,5540
Tanzania,1900,0
Tanzania,1910,0
Tanzania,1920,0
Tanzania,1930,0
Tanzania,1940,0
Tanzania,1950,0
Tanzania,1960,7090
Tanzania,1970,16700
Tanzania,1980,19355.6
Tanzania,1990,40827.3
Tanzania,2000,6733.8
Tanzania,2010,30153.6
Tanzania,2020,593416.2
Thailand,1900,0
Thailand,1910,0
Thailand,1920,0
Thailand,1930,0
Thailand,1940,0
Thailand,1950,0
Thailand,1960,20520
Thailand,1970,502849.3
Thailand,1980,356643.1
Thailand,1990,1064192.2
Thailand,2000,1302643.5
Thailand,2010,2782619
Thailand,2020,691633.8
Togo,1900,0
Togo,1910,0
Togo,1920,0
Togo,1930,0
Togo,1940,0
Togo,1950,0
Togo,1960,0
Togo,1970,0
Togo,1980,0
Togo,1990,29190.5
Togo,2000,18814.5
Togo,2010,12761
Togo,2020,15119.2
Tokelau,1900,0
Tokelau,1910,0
Tokelau,1920,0
Tokelau,1930,0
Tokelau,1940,0
Tokelau,1950,0
Tokelau,1960,0
Tokelau,1970,0
Tokelau,1980,0
Tokelau,1990,0
Tokelau,2000,0
Tokelau,2010,0
Tokelau,2020,0
Tonga,1900,0
Tonga,1910,0
Tonga,1920,0
Tonga,1930,0
Tonga,1940,0
Tonga,1950,0
Tonga,1960,0
Tonga,1970,0
Tonga,1980,0
Tonga,1990,0
Tonga,2000,0
Tonga,2010,0
Tonga,2020,0
Trinidad and Tobago,1900,0
Trinidad and Tobago,1910,0
Trinidad and Tobago,1920,0
Trinidad and Tobago,1930,0
Trinidad and Tobago,1940,0
Trinidad and Tobago,1950,0
Trinidad and Tobago,1960,0
Trinidad and Tobago,1970,0
Trinidad and Tobago,1980,0
Trinidad and Tobago,1990,21
Trinidad and Tobago,2000,0
Trinidad and Tobago,2010,15000
Trinidad and Tobago,2020,20000
Tunisia,1900,0
Tunisia,1910,0
Tunisia,1920,0
Tunisia,1930,0
Tunisia,1940,0
Tunisia,1950,0
Tunisia,1960,29226.9
Tunisia,1970,4499
Tunisia,1980,3250
Tunisia,1990,15200
Tunisia,2000,3350.8
Tunisia,2010,3000
Tunisia,2020,8800
Turkey,1900,0
Turkey,1910,0
Turkey,1920,0
Turkey,1930,0
Turkey,1940,0
Turkey,1950,0
Turkey,1960,300
Turkey,1970,0
Turkey,1980,6170
Turkey,1990,155286.5
Turkey,2000,16095.2
Turkey,2010,2179.3
Turkey,2020,2382.6
Turkmenistan,1900,0
Turkmenistan,1910,0
Turkmenistan,1920,0
Turkmenistan,1930,0
Turkmenistan,1940,0
Turkmenistan,1950,0
Turkmenistan,1960,0
Turkmenistan,1970,0
Turkmenistan,1980,0
Turkmenistan,1990,42
Turkmenistan,2000,0
Turkmenistan,2010,0
Turkmenistan,2020,0
Turks and Caicos Islands,1900,0
Turks and Caicos Islands,1910,0
Turks and Caicos Islands,1920,0
Turks and Caicos Islands,1930,0
Turks and Caicos Islands,1940,0
Turks and Caicos Islands,1950,0
Turks and Caicos Islands,1960,0
Turks and Caicos Islands,1970,0
Turks and Caicos Islands,1980,0
Turks and Caicos Islands,1990,0
Turks and Caicos Islands,2000,0
Turks and Caicos Islands,2010,0
Turks and Caicos Islands,2020,0
Tuvalu,1900,0
Tuvalu,1910,0
Tuvalu,1920,0
Tuvalu,1930,0
Tuvalu,1940,0
Tuvalu,1950,0
Tuvalu,1960,0
Tuvalu,1970,0
Tuvalu,1980,0
Tuvalu,1990,0
Tuvalu,2000,0
Tuvalu,2010,0
Tuvalu,2020,0
USSR,1900,0
USSR,1910,0
USSR,1920,0
USSR,1930,0
USSR,1940,0
USSR,1950,0
USSR,1960,0
USSR,1970,0
USSR,1980,4958.6
USSR,1990,6548.8
USSR,2000,0
USSR,2010,0
USSR,2020,0
Uganda,1900,0
Uganda,1910,0
Uganda,1920,0
Uganda,1930,0
Uganda,1940,0
Uganda,1950,0
Uganda,1960,0
Uganda,1970,0
Uganda,1980,0
Uganda,1990,16870
Uganda,2000,79062.5
Uganda,2010,19213.4
Uganda,2020,65989.6
Ukraine,1900,0
Ukraine,1910,0
Ukraine,1920,0
Ukraine,1930,0
Ukraine,1940,0
Ukraine,1950,0
Ukraine,1960,0
Ukraine,1970,0
Ukraine,1980,0
Ukraine,1990,205957
Ukraine,2000,53866.5
Ukraine,2010,4251.9
Ukraine,2020,11570
United Arab Emirates,1900,0
United Arab Emirates,1910,0
United Arab Emirates,1920,0
United Arab Emirates,1930,0
United Arab Emirates,1940,0
United Arab Emirates,1950,0
United Arab Emirates,1960,0
United Arab Emirates,1970,0
United Arab Emirates,1980,0
United Arab Emirates,1990,0
United Arab Emirates,2000,0
United Arab Emirates,2010,18.8
United Arab Emirates,2020,69.2
United Kingdom,1900,0
United Kingdom,1910,0
United Kingdom,1920,0
United Kingdom,1930,0
United Kingdom,1940,0
United Kingdom,1950,0
United Kingdom,1960,0
United Kingdom,1970,0
United Kingdom,1980,0
United Kingdom,1990,193
United Kingdom,2000,38083.8
United Kingdom,2010,5309.5
United Kingdom,2020,96
United States,1900,0
United States,1910,0
United States,1920,0
United States,1930,0
United States,1940,0
United States,1950,0
United States,1960,0
United States,1970,570
United States,1980,13005
United States,1990,64820.9
United States,2000,1132547.2
United States,2010,31234.1
United States,2020,3615.4
United States Virgin Islands,1900,0
United States Virgin Islands,1910,0
United States Virgin Islands,1920,0
United States Virgin Islands,1930,0
United States Virgin Islands,1940,0
United States Virgin Islands,1950,0
United States Virgin Islands,1960,0
United States Virgin Islands,1970,0
United States Virgin Islands,1980,0
United States Virgin Islands,1990,0
United States Virgin Islands,2000,0
United States Virgin Islands,2010,0
United States Virgin Islands,2020,0
Upper-middle-income countries,1900,0
Upper-middle-income countries,1910,363500
Upper-middle-income countries,1920,0
Upper-middle-income countries,1930,1363000
Upper-middle-income countries,1940,200
Upper-middle-income countries,1950,1000000
Upper-middle-income countries,1960,371102.4
Upper-middle-income countries,1970,2656593.2
Upper-middle-income countries,1980,17096194
Upper-middle-income countries,1990,102743780
Upper-middle-income countries,2000,56218784
Upper-middle-income countries,2010,43496828
Upper-middle-income countries,2020,10798610
Uruguay,1900,0
Uruguay,1910,0
Uruguay,1920,0
Uruguay,1930,0
Uruguay,1940,0
Uruguay,1950,0
Uruguay,1960,3806.3
Uruguay,1970,0
Uruguay,1980,1850
Uruguay,1990,1550
Uruguay,2000,13670
Uruguay,2010,6567.3
Uruguay,2020,2477.6
Uzbekistan,1900,0
Uzbekistan,1910,0
Uzbekistan,1920,0
Uzbekistan,1930,0
Uzbekistan,1940,0
Uzbekistan,1950,0
Uzbekistan,1960,0
Uzbekistan,1970,0
Uzbekistan,1980,0
Uzbekistan,1990,0
Uzbekistan,2000,150
Uzbekistan,2010,0
Uzbekistan,2020,14045
Vanuatu,1900,0
Vanuatu,1910,0
Vanuatu,1920,0
Vanuatu,1930,0
Vanuatu,1940,0
Vanuatu,1950,0
Vanuatu,1960,0
Vanuatu,1970,0
Vanuatu,1980,0
Vanuatu,1990,0
Vanuatu,2000,395.1
Vanuatu,2010,0
Vanuatu,2020,0
Venezuela,1900,0
Venezuela,1910,0
Venezuela,1920,0
Venezuela,1930,0
Venezuela,1940,0
Venezuela,1950,0
Venezuela,1960,2300
Venezuela,1970,0
Venezuela,1980,2050.9
Venezuela,1990,61300.3
Venezuela,2000,13446.2
Venezuela,2010,16746.5
Venezuela,2020,299360.4
Vietnam,1900,0
Vietnam,1910,0
Vietnam,1920,0
Vietnam,1930,0
Vietnam,1940,0
Vietnam,1950,0
Vietnam,1960,19590.2
Vietnam,1970,428300
Vietnam,1980,346600
Vietnam,1990,740329.8
Vietnam,2000,1099630.4
Vietnam,2010,681658.4
Vietnam,2020,70058.8
Wallis and Futuna,1900,0
Wallis and Futuna,1910,0
Wallis and Futuna,1920,0
Wallis and Futuna,1930,0
Wallis and Futuna,1940,0
Wallis and Futuna,1950,0
Wallis and Futuna,1960,0
Wallis and Futuna,1970,0
Wallis and Futuna,1980,0
Wallis and Futuna,1990,0
Wallis and Futuna,2000,0
Wallis and Futuna,2010,0
Wallis and Futuna,2020,0
West Germany,1900,0
West Germany,1910,0
West Germany,1920,0
West Germany,1930,0
West Germany,1940,0
West Germany,1950,0
West Germany,1960,0
West Germany,1970,0
West Germany,1980,351.2
West Germany,1990,0
West Germany,2000,0
West Germany,2010,0
West Germany,2020,0
World,1900,0
World,1910,363500
World,1920,800
World,1930,1363000
World,1940,200
World,1950,1317838.4
World,1960,4237464
World,1970,21887710
World,1980,46840068
World,1990,143660510
World,2000,95122690
World,2010,69398200
World,2020,31147756
Yemen,1900,0
Yemen,1910,0
Yemen,1920,0
Yemen,1930,0
Yemen,1940,0
Yemen,1950,0
Yemen,1960,0
Yemen,1970,0
Yemen,1980,0
Yemen,1990,31770
Yemen,2000,3142.3
Yemen,2010,16035.2
Yemen,2020,185833
Yemen Arab Republic,1900,0
Yemen Arab Republic,1910,0
Yemen Arab Republic,1920,0
Yemen Arab Republic,1930,0
Yemen Arab Republic,1940,0
Yemen Arab Republic,1950,0
Yemen Arab Republic,1960,0
Yemen Arab Republic,1970,5286.2
Yemen Arab Republic,1980,15000
Yemen Arab Republic,1990,0
Yemen Arab Republic,2000,0
Yemen Arab Republic,2010,0
Yemen Arab Republic,2020,0
Yemen People's Republic,1900,0
Yemen People's Republic,1910,0
Yemen People's Republic,1920,0
Yemen People's Republic,1930,0
Yemen People's Republic,1940,0
Yemen People's Republic,1950,0
Yemen People's Republic,1960,0
Yemen People's Republic,1970,0
Yemen People's Republic,1980,70500
Yemen People's Republic,1990,0
Yemen People's Republic,2000,0
Yemen People's Republic,2010,0
Yemen People's Republic,2020,0
Yugoslavia,1900,0
Yugoslavia,1910,0
Yugoslavia,1920,0
Yugoslavia,1930,0
Yugoslavia,1940,0
Yugoslavia,1950,0
Yugoslavia,1960,33500
Yugoslavia,1970,1200
Yugoslavia,1980,100
Yugoslavia,1990,0
Yugoslavia,2000,0
Yugoslavia,2010,0
Yugoslavia,2020,0
Zambia,1900,0
Zambia,1910,0
Zambia,1920,0
Zambia,1930,0
Zambia,1940,0
Zambia,1950,0
Zambia,1960,0
Zambia,1970,3090
Zambia,1980,80000
Zambia,1990,130000
Zambia,2000,302463.3
Zambia,2010,2437.5
Zambia,2020,180792.4
Zimbabwe,1900,0
Zimbabwe,1910,0
Zimbabwe,1920,0
Zimbabwe,1930,0
Zimbabwe,1940,0
Zimbabwe,1950,0
Zimbabwe,1960,0
Zimbabwe,1970,0
Zimbabwe,1980,0
Zimbabwe,1990,0
Zimbabwe,2000,33100
Zimbabwe,2010,1302.2
Zimbabwe,2020,0