Entity,Code,Year,1.5.2 - Direct economic loss attributed to disasters (current United States dollars) - VC_DSR_GDPLS
Afghanistan,AFG,2017,58556724
Afghanistan,AFG,2018,341555700
Afghanistan,AFG,2019,567657150
Algeria,DZA,2005,1095310.1
Algeria,DZA,2006,8872956
Algeria,DZA,2007,8472195
Algeria,DZA,2008,200856480
Algeria,DZA,2009,2826446.8
Algeria,DZA,2010,17790888
Algeria,DZA,2011,4130964.5
Algeria,DZA,2012,49496604
Algeria,DZA,2013,29924246
Algeria,DZA,2014,5945.42
Algeria,DZA,2015,26769470
Algeria,DZA,2016,23893914
Algeria,DZA,2017,148268400
Algeria,DZA,2018,41108260
Algeria,DZA,2019,16460797
Algeria,DZA,2020,93724424
Algeria,DZA,2021,25620436
Angola,AGO,2005,30869438
Angola,AGO,2006,63248250
Angola,AGO,2007,2981865
Angola,AGO,2008,6942150
Angola,AGO,2009,30562020
Angola,AGO,2010,45092852
Angola,AGO,2011,141921280
Angola,AGO,2012,24834732
Angola,AGO,2013,533030500
Angola,AGO,2014,3498666000
Angola,AGO,2015,552227260
Angola,AGO,2016,600416200
Angola,AGO,2017,456410620
Angola,AGO,2018,1613830100
Angola,AGO,2019,3281972700
Angola,AGO,2020,156341650
Antigua and Barbuda,ATG,2008,16683552
Antigua and Barbuda,ATG,2009,35700
Antigua and Barbuda,ATG,2010,7156092
Antigua and Barbuda,ATG,2011,236310
Antigua and Barbuda,ATG,2012,276156
Antigua and Barbuda,ATG,2013,207000
Antigua and Barbuda,ATG,2014,24267314
Antigua and Barbuda,ATG,2017,135914430
Antigua and Barbuda,ATG,2020,1927358.8
Argentina,ARG,2005,12146746
Argentina,ARG,2006,83082830
Argentina,ARG,2007,176833060
Argentina,ARG,2008,150057940
Argentina,ARG,2009,43296456
Argentina,ARG,2010,129047040
Argentina,ARG,2011,862500
Argentina,ARG,2012,67981930
Argentina,ARG,2013,95287500
Argentina,ARG,2014,71354264
Argentina,ARG,2016,148551070
Argentina,ARG,2017,3069547.8
Armenia,ARM,2005,825187.5
Armenia,ARM,2006,1301025
Armenia,ARM,2007,2328450
Armenia,ARM,2008,1055362.5
Armenia,ARM,2009,1372275
Armenia,ARM,2010,6961087.5
Armenia,ARM,2011,341250
Armenia,ARM,2012,91875
Armenia,ARM,2013,2197800
Armenia,ARM,2014,6292350
Armenia,ARM,2015,3077812.5
Armenia,ARM,2016,15455925
Armenia,ARM,2017,13691035
Armenia,ARM,2018,13284669
Armenia,ARM,2019,5413085.5
Armenia,ARM,2020,7957253.5
Armenia,ARM,2021,13927290
Armenia,ARM,2022,1580726
Australia,AUS,2009,0
Australia,AUS,2010,106310584
Australia,AUS,2011,113518130
Australia,AUS,2012,6884325
Australia,AUS,2013,59952750
Australia,AUS,2014,2559375
Australia,AUS,2015,78455660
Australia,AUS,2016,38915664
Australia,AUS,2017,92571560
Australia,AUS,2018,186478880
Australia,AUS,2019,334430370
Australia,AUS,2020,168778000
Australia,AUS,2021,149883260
Australia,AUS,2022,1956059100
Austria,AUT,2018,644657660
Austria,AUT,2019,149159280
Austria,AUT,2020,208641540
Bahrain,BHR,2021,0
Bangladesh,BGD,2005,0
Bangladesh,BGD,2006,0
Bangladesh,BGD,2007,11295346000
Barbados,BRB,2005,1079700
Barbados,BRB,2006,896700
Barbados,BRB,2007,2915352
Barbados,BRB,2008,1305104.6
Barbados,BRB,2009,1533591.8
Barbados,BRB,2010,2019549
Barbados,BRB,2011,1431586.1
Barbados,BRB,2012,693750
Barbados,BRB,2013,1044787.5
Barbados,BRB,2014,232869740
Barbados,BRB,2015,78160950
Barbados,BRB,2016,1971634.8
Barbados,BRB,2017,80396216
Barbados,BRB,2018,524475
Belarus,BLR,2015,0
Belarus,BLR,2016,0
Belarus,BLR,2017,0
Belarus,BLR,2018,0
Belarus,BLR,2019,0
Belarus,BLR,2020,0
Belarus,BLR,2021,0
Belarus,BLR,2022,0
Belize,BLZ,2005,0
Belize,BLZ,2007,13484.54
Belize,BLZ,2008,9400894
Belize,BLZ,2009,126825
Belize,BLZ,2010,11446584
Belize,BLZ,2011,64.6
Benin,BEN,2010,2312760000
Benin,BEN,2011,188611660
Benin,BEN,2012,91115660
Benin,BEN,2013,3741224.2
Benin,BEN,2014,8742300
Benin,BEN,2015,12037817
Benin,BEN,2016,55134000
Benin,BEN,2017,737081900
Benin,BEN,2018,119794300
Benin,BEN,2019,151185040
Benin,BEN,2020,72496850
Bhutan,BTN,2005,428662.5
Bhutan,BTN,2006,552825
Bhutan,BTN,2007,467400
Bhutan,BTN,2008,461250
Bhutan,BTN,2009,498150
Bhutan,BTN,2010,544837.5
Bhutan,BTN,2011,703462.5
Bhutan,BTN,2012,792187.5
Bhutan,BTN,2013,976500
Bhutan,BTN,2014,513337.5
Bhutan,BTN,2015,508872580
Bhutan,BTN,2016,0
Bhutan,BTN,2017,2152174000
Bhutan,BTN,2018,243037500
Bolivia,BOL,2005,10830000
Bolivia,BOL,2006,23298712
Bolivia,BOL,2007,14294475
Bolivia,BOL,2008,55805100
Bolivia,BOL,2009,9255750
Bolivia,BOL,2010,12251250
Bolivia,BOL,2011,40351500
Bolivia,BOL,2012,25730250
Bolivia,BOL,2013,10894838
Bolivia,BOL,2014,21401100
Bolivia,BOL,2015,5661281.5
Bolivia,BOL,2016,812376.4
Bolivia,BOL,2017,238753090
Bolivia,BOL,2018,710089400
Bolivia,BOL,2019,1089132500
Bolivia,BOL,2020,51791972
Bolivia,BOL,2021,17491894
Botswana,BWA,2013,0
Botswana,BWA,2014,0
Botswana,BWA,2015,0
Botswana,BWA,2016,0
Botswana,BWA,2018,187363.55
Brazil,BRA,2005,6385602
Brazil,BRA,2006,3035775
Brazil,BRA,2007,4241881.5
Brazil,BRA,2008,8004374
Brazil,BRA,2009,9135457
Brazil,BRA,2010,4978704
Brazil,BRA,2011,6251296
Brazil,BRA,2012,7390088
Brazil,BRA,2013,8592009
Brazil,BRA,2014,7006805.5
Bulgaria,BGR,2005,9395928
Bulgaria,BGR,2006,6751557
Bulgaria,BGR,2007,22675324
Bulgaria,BGR,2008,1119125
Bulgaria,BGR,2009,7819.72
Bulgaria,BGR,2010,2176436.8
Bulgaria,BGR,2011,413793.1
Bulgaria,BGR,2012,14326823
Bulgaria,BGR,2013,956368.44
Bulgaria,BGR,2014,9554326
Bulgaria,BGR,2015,72124580
Bulgaria,BGR,2016,17705190
Bulgaria,BGR,2017,130642060
Bulgaria,BGR,2018,43817812
Bulgaria,BGR,2019,18433870
Bulgaria,BGR,2020,7871205
Bulgaria,BGR,2021,361940.06
Bulgaria,BGR,2022,79237360
Burkina Faso,BFA,2005,0
Burkina Faso,BFA,2007,427432500
Burkina Faso,BFA,2009,719735100
Burkina Faso,BFA,2010,87582450
Burkina Faso,BFA,2012,900600
Burkina Faso,BFA,2013,1469400
Burkina Faso,BFA,2014,38085900
Burkina Faso,BFA,2015,82425000
Burkina Faso,BFA,2016,149807700
Burkina Faso,BFA,2017,134307900
Burkina Faso,BFA,2018,71017050
Burundi,BDI,2015,16988736
Burundi,BDI,2016,25776874
Burundi,BDI,2017,19756308
Burundi,BDI,2018,152124750
Burundi,BDI,2019,1747086700
Burundi,BDI,2020,603974400
Burundi,BDI,2021,645142660
Burundi,BDI,2022,287621660
Cambodia,KHM,2005,3005.41
Cambodia,KHM,2006,3039.15
Cambodia,KHM,2007,6254.92
Cambodia,KHM,2008,265.96
Cambodia,KHM,2009,25084.98
Cambodia,KHM,2010,9263.47
Cambodia,KHM,2011,148256.75
Cambodia,KHM,2012,36372.36
Cambodia,KHM,2013,403323600
Cambodia,KHM,2014,56187268
Cambodia,KHM,2015,67526344
Cambodia,KHM,2016,29362804
Cambodia,KHM,2017,61577490
Cambodia,KHM,2018,34682.68
Cambodia,KHM,2019,151945460
Cambodia,KHM,2020,74880.09
Cambodia,KHM,2021,0
Cameroon,CMR,2006,728351.9
Cameroon,CMR,2007,41223376
Cameroon,CMR,2008,2417850
Cameroon,CMR,2009,30765488
Cameroon,CMR,2014,28496476
Cameroon,CMR,2016,559377.1
Cameroon,CMR,2017,168379.62
Cameroon,CMR,2018,42295.25
Cameroon,CMR,2019,670447170
Cape Verde,CPV,2006,0
Cape Verde,CPV,2008,0
Cape Verde,CPV,2009,26250
Cape Verde,CPV,2014,6257934
Cape Verde,CPV,2015,21523.7
Cape Verde,CPV,2017,25950
Chile,CHL,2005,78505500
Chile,CHL,2006,48769036
Chile,CHL,2007,118124000
Chile,CHL,2008,63732210
Chile,CHL,2009,0
Chile,CHL,2010,3749201200
Chile,CHL,2011,17939438
Chile,CHL,2012,5935125
Chile,CHL,2013,0
Chile,CHL,2014,207961920
Chile,CHL,2015,198192140
Chile,CHL,2016,1534455
Chile,CHL,2017,136496110
Chile,CHL,2018,0
Chile,CHL,2019,0
Chile,CHL,2020,0
Chile,CHL,2021,0
Chile,CHL,2022,11856038
China,CHN,2022,13691610000
Colombia,COL,2005,1191784600
Colombia,COL,2006,100088300
Colombia,COL,2007,8845859000
Colombia,COL,2008,9651326000
Colombia,COL,2009,132007976
Colombia,COL,2010,11213426000
Colombia,COL,2011,11384158000
Colombia,COL,2012,12240346000
Colombia,COL,2013,2563024100
Colombia,COL,2014,75893800000
Colombia,COL,2015,38504320000
Colombia,COL,2016,50131337000
Colombia,COL,2017,30283390000
Colombia,COL,2018,14396174000
Colombia,COL,2019,75992830
Colombia,COL,2020,808667700
Colombia,COL,2021,646148900
Colombia,COL,2022,147508380
Comoros,COM,2006,0
Comoros,COM,2008,0
Comoros,COM,2012,5680125
Comoros,COM,2013,696.79
Comoros,COM,2014,3973125
Comoros,COM,2015,3145537.5
Comoros,COM,2017,229425
Comoros,COM,2018,0
Comoros,COM,2019,114434776
Comoros,COM,2022,0
Costa Rica,CRI,2005,369033540
Costa Rica,CRI,2006,27418998
Costa Rica,CRI,2007,289521340
Costa Rica,CRI,2008,111495040
Costa Rica,CRI,2009,538125760
Costa Rica,CRI,2010,345994300
Costa Rica,CRI,2011,0
Costa Rica,CRI,2012,128367500
Costa Rica,CRI,2013,0
Costa Rica,CRI,2014,55643292
Costa Rica,CRI,2015,182130660
Costa Rica,CRI,2016,56705588
Costa Rica,CRI,2017,569760640
Costa Rica,CRI,2018,15772148
Costa Rica,CRI,2019,61238332
Costa Rica,CRI,2020,220789840
Costa Rica,CRI,2021,33543156000
Costa Rica,CRI,2022,11311037
Cote d'Ivoire,CIV,2005,1264050
Cote d'Ivoire,CIV,2006,5962.5
Cote d'Ivoire,CIV,2007,120000
Cote d'Ivoire,CIV,2010,72450
Cote d'Ivoire,CIV,2011,12075
Cote d'Ivoire,CIV,2013,735075
Cote d'Ivoire,CIV,2014,1766512.5
Cote d'Ivoire,CIV,2015,6954750
Croatia,HRV,2017,374162400
Cuba,CUB,2005,1751964300
Cuba,CUB,2006,22.78
Cuba,CUB,2007,855.46
Cuba,CUB,2008,7953.33
Cuba,CUB,2012,6015.6
Cuba,CUB,2016,542688700
Cuba,CUB,2017,1748825000
Cuba,CUB,2018,73426420
Cuba,CUB,2019,83159660
Cuba,CUB,2020,37327200
Cuba,CUB,2021,14893800
Cyprus,CYP,2005,0
Cyprus,CYP,2006,4236059.5
Cyprus,CYP,2007,513045.06
Cyprus,CYP,2008,2901.99
Cyprus,CYP,2009,1867647.9
Cyprus,CYP,2010,687461.06
Cyprus,CYP,2011,144672030
Cyprus,CYP,2012,385912.88
Cyprus,CYP,2013,896601.56
Cyprus,CYP,2014,2593580.2
Cyprus,CYP,2015,460889.8
Cyprus,CYP,2017,5724774.5
Cyprus,CYP,2018,4191750
Czechia,CZE,2015,0
Czechia,CZE,2016,5441917
Czechia,CZE,2017,299509920
Djibouti,DJI,2005,0
Djibouti,DJI,2006,0
Djibouti,DJI,2007,0
Djibouti,DJI,2008,0
Djibouti,DJI,2009,0
Djibouti,DJI,2010,0
Djibouti,DJI,2011,0
Djibouti,DJI,2012,0
Dominica,DMA,2007,20720072
Dominica,DMA,2009,29250
Dominica,DMA,2010,248625
Dominica,DMA,2011,1220100
Dominica,DMA,2012,116400
Dominica,DMA,2013,628875
Dominica,DMA,2014,20109900
East Timor,TLS,2006,576792450
East Timor,TLS,2007,48195076
East Timor,TLS,2008,1870293
East Timor,TLS,2009,2986200
East Timor,TLS,2010,29565750
East Timor,TLS,2011,9778500
East Timor,TLS,2012,8280000
East Timor,TLS,2013,17194800
East Timor,TLS,2014,15347325
East Timor,TLS,2015,22967884
East Timor,TLS,2016,2150550
East Timor,TLS,2017,0
Ecuador,ECU,2005,17736384
Ecuador,ECU,2006,28360224
Ecuador,ECU,2007,25780134
Ecuador,ECU,2008,113391110
Ecuador,ECU,2009,19919046
Ecuador,ECU,2010,2579250
Ecuador,ECU,2011,19688624
Ecuador,ECU,2012,134142110
Ecuador,ECU,2013,24182250
Ecuador,ECU,2014,40550400
Ecuador,ECU,2015,18525000
Ecuador,ECU,2016,348481660
Ecuador,ECU,2017,199905380
Ecuador,ECU,2018,27977658
Ecuador,ECU,2019,70266750
Ecuador,ECU,2020,22943214
Ecuador,ECU,2021,34953028
Ecuador,ECU,2022,150919410
Egypt,EGY,2005,13595008
Egypt,EGY,2006,14212348
Egypt,EGY,2007,14532399
Egypt,EGY,2008,14855636
Egypt,EGY,2009,14943739
Egypt,EGY,2010,2007510.2
Egypt,EGY,2011,18253598
Egypt,EGY,2012,13798188
Egypt,EGY,2013,15127520
Egypt,EGY,2014,24208874
Egypt,EGY,2015,46867604
Egypt,EGY,2016,28749730
Egypt,EGY,2017,7626382.5
Egypt,EGY,2018,3075313
Egypt,EGY,2019,1699435.5
Egypt,EGY,2020,81045416
Egypt,EGY,2021,9159507
Egypt,EGY,2022,10363383
El Salvador,SLV,2005,41067250
El Salvador,SLV,2006,44800784
El Salvador,SLV,2007,20362356
El Salvador,SLV,2008,67511510
El Salvador,SLV,2009,19585130
El Salvador,SLV,2010,51409490
El Salvador,SLV,2011,105589010
El Salvador,SLV,2012,2500872
El Salvador,SLV,2013,1781550
El Salvador,SLV,2014,3369542.8
El Salvador,SLV,2015,0
Equatorial Guinea,GNQ,2010,28800
Equatorial Guinea,GNQ,2012,180412.5
Equatorial Guinea,GNQ,2013,20625
Equatorial Guinea,GNQ,2014,30262.5
Equatorial Guinea,GNQ,2015,0
Equatorial Guinea,GNQ,2016,8783956
Equatorial Guinea,GNQ,2017,1107750
Equatorial Guinea,GNQ,2018,0
Equatorial Guinea,GNQ,2019,0
Equatorial Guinea,GNQ,2021,7310724.5
Estonia,EST,2005,65942504
Estonia,EST,2006,12545477
Estonia,EST,2007,0
Estonia,EST,2008,13388018
Estonia,EST,2009,0
Estonia,EST,2010,111251.66
Estonia,EST,2011,2783910.5
Estonia,EST,2012,0
Estonia,EST,2013,0
Estonia,EST,2014,0
Estonia,EST,2015,3483870.5
Estonia,EST,2016,2401979.8
Estonia,EST,2017,3581089.2
Estonia,EST,2018,0
Eswatini,SWZ,2005,3540873.2
Eswatini,SWZ,2006,4476081
Eswatini,SWZ,2007,95440620
Eswatini,SWZ,2008,10786475
Eswatini,SWZ,2009,351077.34
Eswatini,SWZ,2010,3121763.2
Eswatini,SWZ,2011,1146405
Eswatini,SWZ,2012,5227355.5
Eswatini,SWZ,2013,3353945.8
Eswatini,SWZ,2014,2920602
Eswatini,SWZ,2015,22671678
Eswatini,SWZ,2016,18175552
Eswatini,SWZ,2017,15341685
Eswatini,SWZ,2018,965221.5
Eswatini,SWZ,2019,5087619
Eswatini,SWZ,2020,4107575
Eswatini,SWZ,2021,85553920
Eswatini,SWZ,2022,9048506
Ethiopia,ETH,2005,218148940
Ethiopia,ETH,2006,133687.5
Ethiopia,ETH,2007,54108564
Ethiopia,ETH,2008,3697200
Ethiopia,ETH,2009,2667600
Ethiopia,ETH,2010,8510678
Ethiopia,ETH,2011,970339.9
Ethiopia,ETH,2012,6226877.5
Ethiopia,ETH,2013,95359990
Ethiopia,ETH,2014,41970652
Ethiopia,ETH,2015,291318980
Ethiopia,ETH,2016,130466180
Ethiopia,ETH,2017,116554300
Ethiopia,ETH,2018,1538191600
Ethiopia,ETH,2019,198936530
Ethiopia,ETH,2020,58002000
Fiji,FJI,2005,0
Fiji,FJI,2006,99000
Fiji,FJI,2007,80100
Fiji,FJI,2008,1361700
Fiji,FJI,2009,23287724
Fiji,FJI,2010,24623058
Fiji,FJI,2011,1224504
Fiji,FJI,2013,0
Fiji,FJI,2015,0
Fiji,FJI,2016,889053300
Fiji,FJI,2017,0
Fiji,FJI,2018,41610580
Fiji,FJI,2019,4758983.5
Fiji,FJI,2020,226684140
Fiji,FJI,2021,99821590
Fiji,FJI,2022,7110262.5
Finland,FIN,2005,2200200
Finland,FIN,2006,3755587.5
Finland,FIN,2007,2917200
Finland,FIN,2008,3256800
Finland,FIN,2009,2495812.5
Finland,FIN,2010,2483250
Finland,FIN,2011,1953675
Finland,FIN,2012,1589587.5
Finland,FIN,2013,2531250
Finland,FIN,2014,2389950
Finland,FIN,2015,44428224
Finland,FIN,2016,79228424
Finland,FIN,2017,35549936
Finland,FIN,2018,61442730
Finland,FIN,2019,12212874
France,FRA,2015,3359072300
France,FRA,2016,4953902000
France,FRA,2017,6238212600
France,FRA,2018,6682492400
France,FRA,2019,7293768000
France,FRA,2020,4353386.5
Gambia,GMB,2005,0
Gambia,GMB,2015,3110625
Gambia,GMB,2016,12845400
Gambia,GMB,2017,21276676
Gambia,GMB,2018,15372634
Gambia,GMB,2019,282791.9
Gambia,GMB,2022,1501540400
Georgia,GEO,2015,14310450
Georgia,GEO,2016,13309950
Georgia,GEO,2017,40199436
Georgia,GEO,2018,313950
Georgia,GEO,2019,14448525
Georgia,GEO,2020,1.32
Georgia,GEO,2021,13517798
Georgia,GEO,2022,2695290
Ghana,GHA,2011,18337.5
Ghana,GHA,2012,22453124
Ghana,GHA,2013,50400
Ghana,GHA,2014,0
Ghana,GHA,2015,744150
Ghana,GHA,2019,501788540
Ghana,GHA,2020,2900620000
Ghana,GHA,2021,2455200000
Grenada,GRD,2005,375920130
Grenada,GRD,2008,0
Grenada,GRD,2010,0
Grenada,GRD,2011,162525
Grenada,GRD,2012,0
Grenada,GRD,2014,0
Guatemala,GTM,2005,18.24
Guatemala,GTM,2006,0
Guatemala,GTM,2007,0
Guatemala,GTM,2008,0
Guatemala,GTM,2009,0
Guatemala,GTM,2010,99845.74
Guatemala,GTM,2011,0
Guatemala,GTM,2012,247532400
Guatemala,GTM,2013,6615000
Guatemala,GTM,2014,119050800
Guatemala,GTM,2015,712346400
Guatemala,GTM,2016,202940590
Guatemala,GTM,2017,153102820
Guatemala,GTM,2018,149193570
Guatemala,GTM,2019,34105796
Guatemala,GTM,2020,375087940
Guatemala,GTM,2021,80977210
Guatemala,GTM,2022,269916300
Guinea,GIN,2014,0
Guinea,GIN,2015,0
Guinea-Bissau,GNB,2017,3626100
Guinea-Bissau,GNB,2018,11850
Guyana,GUY,2005,435181380
Guyana,GUY,2006,68457690
Guyana,GUY,2007,12140466
Guyana,GUY,2008,1548574.5
Guyana,GUY,2009,1481596.6
Guyana,GUY,2010,1741760.9
Guyana,GUY,2011,4339937.5
Guyana,GUY,2012,1150875
Guyana,GUY,2013,890531400
Honduras,HND,2005,41435364
Honduras,HND,2006,6135750
Honduras,HND,2007,41534436
Honduras,HND,2008,78240300
Honduras,HND,2009,111019800
Honduras,HND,2010,622691460
Honduras,HND,2014,30031116
Honduras,HND,2015,312682.94
Hungary,HUN,2021,0
Hungary,HUN,2022,0
India,IND,2021,2885058000
Indonesia,IDN,2005,364891740
Indonesia,IDN,2006,518149900
Indonesia,IDN,2007,625118800
Indonesia,IDN,2008,1020082100
Indonesia,IDN,2009,627875460
Indonesia,IDN,2010,859896800
Indonesia,IDN,2011,791222850
Indonesia,IDN,2012,900280000
Indonesia,IDN,2013,791440100
Indonesia,IDN,2014,1152900700
Indonesia,IDN,2015,10360941000
Indonesia,IDN,2016,46326043000
Indonesia,IDN,2017,520435040
Indonesia,IDN,2018,465183420
Indonesia,IDN,2019,10914743000
Indonesia,IDN,2020,7742298000
Indonesia,IDN,2021,63924892
Iran,IRN,2005,372821700
Iran,IRN,2006,1213606100
Iran,IRN,2007,43260230
Iran,IRN,2008,27690872
Iran,IRN,2009,20092500
Iran,IRN,2010,81207310
Iran,IRN,2011,63615000
Iraq,IRQ,2017,0
Iraq,IRQ,2018,774161200
Ireland,IRL,2015,0
Ireland,IRL,2016,280556220
Ireland,IRL,2017,79163540
Jamaica,JAM,2007,130072460
Jamaica,JAM,2009,0
Jamaica,JAM,2011,0
Jamaica,JAM,2014,883.85
Jamaica,JAM,2015,2710687.5
Jamaica,JAM,2020,2507112
Jamaica,JAM,2021,3031505
Jamaica,JAM,2022,11196987
Japan,JPN,2015,2529225200
Japan,JPN,2016,9486252000
Japan,JPN,2017,4079846000
Japan,JPN,2018,14821422000
Japan,JPN,2019,7893593000
Japan,JPN,2020,4602589000
Japan,JPN,2021,2807015700
Jordan,JOR,2005,27257.09
Jordan,JOR,2006,481650
Jordan,JOR,2007,159375
Jordan,JOR,2008,52200
Jordan,JOR,2009,85312.5
Jordan,JOR,2010,105600
Jordan,JOR,2013,1755525
Jordan,JOR,2014,2136000
Jordan,JOR,2015,4443914
Jordan,JOR,2016,4981858.5
Jordan,JOR,2017,4228022.5
Jordan,JOR,2018,2282265.5
Jordan,JOR,2019,591853.44
Jordan,JOR,2021,3110.7
Jordan,JOR,2022,37975080
Kazakhstan,KAZ,2005,818400
Kazakhstan,KAZ,2006,0
Kazakhstan,KAZ,2007,0
Kazakhstan,KAZ,2008,0
Kazakhstan,KAZ,2009,0
Kazakhstan,KAZ,2010,0
Kazakhstan,KAZ,2011,3169387.5
Kazakhstan,KAZ,2012,0
Kazakhstan,KAZ,2013,0
Kazakhstan,KAZ,2014,67386
Kazakhstan,KAZ,2015,8100
Kazakhstan,KAZ,2016,8932612
Kazakhstan,KAZ,2017,14965738
Kazakhstan,KAZ,2018,5509655
Kazakhstan,KAZ,2019,2041254.1
Kazakhstan,KAZ,2020,53748524
Kazakhstan,KAZ,2022,4272334.5
Kenya,KEN,2005,47100000
Kenya,KEN,2006,14042250
Kenya,KEN,2007,0
Kenya,KEN,2008,17517824
Kenya,KEN,2009,248594510
Kenya,KEN,2010,210136380
Kenya,KEN,2011,8228250
Kenya,KEN,2012,69540000
Kenya,KEN,2013,6181777.5
Kenya,KEN,2014,8289487.5
Kenya,KEN,2015,101452500
Kenya,KEN,2016,11123325
Kenya,KEN,2017,122250
Kenya,KEN,2019,1083612400
Kenya,KEN,2020,9110438
Kenya,KEN,2021,3958614.5
Kenya,KEN,2022,14501591
Kiribati,KIR,2014,268950
Kiribati,KIR,2020,30431.81
Kiribati,KIR,2021,22535648
Kuwait,KWT,2005,0
Kuwait,KWT,2013,0
Kuwait,KWT,2014,0
Kuwait,KWT,2015,0
Kuwait,KWT,2016,0
Kuwait,KWT,2017,0
Kuwait,KWT,2020,0
Kyrgyzstan,KGZ,2005,18298800
Kyrgyzstan,KGZ,2006,7059112.5
Kyrgyzstan,KGZ,2007,10102125
Kyrgyzstan,KGZ,2008,18275062
Kyrgyzstan,KGZ,2009,9689062
Kyrgyzstan,KGZ,2010,81227140
Kyrgyzstan,KGZ,2011,15792000
Kyrgyzstan,KGZ,2012,1370512.5
Kyrgyzstan,KGZ,2013,16627275
Kyrgyzstan,KGZ,2014,20539576
Kyrgyzstan,KGZ,2015,34325756
Kyrgyzstan,KGZ,2016,14682260
Kyrgyzstan,KGZ,2017,16179487
Kyrgyzstan,KGZ,2018,5646335
Kyrgyzstan,KGZ,2019,4612546
Kyrgyzstan,KGZ,2020,6659449
Laos,LAO,2005,5212814
Laos,LAO,2006,7785935
Laos,LAO,2007,100122570
Laos,LAO,2008,97111630
Laos,LAO,2009,95163020
Laos,LAO,2010,120720000
Laos,LAO,2011,704920200
Laos,LAO,2012,10539598
Lebanon,LBN,2005,133278
Lebanon,LBN,2006,53130
Lebanon,LBN,2007,61057.5
Lebanon,LBN,2008,35625
Lebanon,LBN,2009,162525
Lebanon,LBN,2010,0
Lebanon,LBN,2011,0
Lebanon,LBN,2012,150750
Lebanon,LBN,2013,120600
Lebanon,LBN,2014,0
Lebanon,LBN,2015,0
Lebanon,LBN,2016,62847.43
Lebanon,LBN,2017,476726.25
Lebanon,LBN,2018,75375
Lebanon,LBN,2021,0
Liberia,LBR,2014,0
Liberia,LBR,2015,0
Liberia,LBR,2016,0
Liberia,LBR,2020,29491526
Liberia,LBR,2021,2925150.8
Lithuania,LTU,2020,184479.52
Madagascar,MDG,2005,45136300
Madagascar,MDG,2006,4061136
Madagascar,MDG,2007,1363775400
Madagascar,MDG,2008,3229879300
Madagascar,MDG,2009,29862270
Madagascar,MDG,2010,630811300
Madagascar,MDG,2011,302402940
Madagascar,MDG,2012,1320576000
Madagascar,MDG,2013,382021700
Madagascar,MDG,2014,17485876
Madagascar,MDG,2015,186221380
Madagascar,MDG,2016,46121670
Madagascar,MDG,2017,1394967600
Madagascar,MDG,2018,343188260
Malawi,MWI,2005,86286560
Malawi,MWI,2006,37856812
Malawi,MWI,2007,2860650
Malawi,MWI,2008,4615650
Malawi,MWI,2009,49467600
Malawi,MWI,2011,65616188
Malawi,MWI,2012,21223800
Malawi,MWI,2013,10541700
Malawi,MWI,2014,6382350
Malawi,MWI,2015,273768100
Malawi,MWI,2016,45608144
Malawi,MWI,2017,69246450
Malawi,MWI,2018,120426050
Malawi,MWI,2019,78500720
Malawi,MWI,2020,9661844
Malaysia,MYS,2005,46626110
Malaysia,MYS,2006,29015288
Malaysia,MYS,2007,39486744
Malaysia,MYS,2008,31233738
Malaysia,MYS,2009,72869160
Malaysia,MYS,2010,33046216
Malaysia,MYS,2011,44386468
Malaysia,MYS,2012,99056184
Malaysia,MYS,2013,101087470
Malaysia,MYS,2014,174910900
Malaysia,MYS,2015,357030850
Malaysia,MYS,2016,111711736
Malaysia,MYS,2017,70675000
Malaysia,MYS,2018,34629852
Malaysia,MYS,2019,21442838
Malaysia,MYS,2020,113083460
Malaysia,MYS,2021,800711300
Malaysia,MYS,2022,26016644
Maldives,MDV,2005,1699687.5
Maldives,MDV,2006,4327050
Maldives,MDV,2007,4359135
Maldives,MDV,2008,159225
Maldives,MDV,2017,316500
Maldives,MDV,2022,127844.73
Mali,MLI,2005,0
Mali,MLI,2006,25192612
Mali,MLI,2007,139904660
Mali,MLI,2008,18254924
Mali,MLI,2009,79517920
Mali,MLI,2010,243412270
Mali,MLI,2011,51599476
Mali,MLI,2012,256197000
Mali,MLI,2013,27124650
Mali,MLI,2014,6433537.5
Mali,MLI,2017,373789120
Marshall Islands,MHL,2006,0
Marshall Islands,MHL,2008,153000
Marshall Islands,MHL,2011,0
Marshall Islands,MHL,2013,0
Marshall Islands,MHL,2014,454125
Marshall Islands,MHL,2015,0
Marshall Islands,MHL,2016,1781682
Marshall Islands,MHL,2017,0
Marshall Islands,MHL,2018,0
Marshall Islands,MHL,2019,0
Marshall Islands,MHL,2020,0
Marshall Islands,MHL,2021,0
Marshall Islands,MHL,2022,7583100
Mauritius,MUS,2005,2213062.5
Mauritius,MUS,2006,1704037.5
Mauritius,MUS,2007,2967375
Mauritius,MUS,2008,6097837.5
Mauritius,MUS,2009,1300200
Mauritius,MUS,2010,316575
Mauritius,MUS,2011,257400
Mauritius,MUS,2012,579975
Mauritius,MUS,2013,9154762
Mauritius,MUS,2014,272850
Mauritius,MUS,2015,678711.06
Mauritius,MUS,2016,1681795.9
Mauritius,MUS,2017,2356374
Mauritius,MUS,2018,1184527.2
Mauritius,MUS,2019,626929.9
Mauritius,MUS,2020,915207.1
Mauritius,MUS,2021,1035477.3
Mauritius,MUS,2022,3104706.5
Mexico,MEX,2005,971218000
Mexico,MEX,2006,419133000
Mexico,MEX,2007,1794380900
Mexico,MEX,2008,497006200
Mexico,MEX,2009,380206560
Mexico,MEX,2010,1786385700
Mexico,MEX,2011,407541600
Mexico,MEX,2012,420325440
Mexico,MEX,2013,501554800
Mexico,MEX,2014,323400030
Mexico,MEX,2015,109121896
Mexico,MEX,2016,179840900
Mexico,MEX,2017,2706023700
Mexico,MEX,2018,478277900
Mexico,MEX,2019,30236510000
Mexico,MEX,2020,11134703000
Mexico,MEX,2021,13969267000
Mexico,MEX,2022,32942864000
Micronesia (country),FSM,2006,100000
Micronesia (country),FSM,2008,0
Micronesia (country),FSM,2009,0
Micronesia (country),FSM,2015,40000000
Micronesia (country),FSM,2018,196875
Micronesia (country),FSM,2019,7200000
Micronesia (country),FSM,2021,32695.12
Monaco,MCO,2017,0
Monaco,MCO,2018,0
Mongolia,MNG,2005,29256000
Mongolia,MNG,2006,29275424
Mongolia,MNG,2007,36418276
Mongolia,MNG,2008,30110324
Mongolia,MNG,2009,26322000
Mongolia,MNG,2010,41028976
Mongolia,MNG,2011,44048400
Mongolia,MNG,2012,59177400
Mongolia,MNG,2013,58509000
Mongolia,MNG,2014,56343676
Mongolia,MNG,2015,139986000
Mongolia,MNG,2016,150300830
Mongolia,MNG,2017,129516184
Mongolia,MNG,2018,64838636
Mongolia,MNG,2019,131665670
Mongolia,MNG,2020,178672700
Mongolia,MNG,2021,45066296
Mongolia,MNG,2022,20685030
Montenegro,MNE,2005,4318125
Montenegro,MNE,2006,209250
Montenegro,MNE,2007,255150
Montenegro,MNE,2008,5023500
Montenegro,MNE,2009,1207650
Montenegro,MNE,2010,6911812.5
Montenegro,MNE,2011,554062.5
Montenegro,MNE,2012,26453062
Montenegro,MNE,2013,2241750
Montenegro,MNE,2014,871725
Montenegro,MNE,2015,1735200
Montenegro,MNE,2016,292500
Montenegro,MNE,2017,5160000
Montenegro,MNE,2018,17914276
Montenegro,MNE,2019,419896.75
Montenegro,MNE,2020,225139.73
Montenegro,MNE,2021,422080.75
Montenegro,MNE,2022,7781.99
Morocco,MAR,2008,2205534000
Morocco,MAR,2009,1901809000
Morocco,MAR,2010,25127240
Morocco,MAR,2011,27194402
Morocco,MAR,2012,34133760
Morocco,MAR,2013,106935650
Morocco,MAR,2014,225472020
Morocco,MAR,2015,71437610
Morocco,MAR,2016,6086218
Morocco,MAR,2017,91395000
Morocco,MAR,2018,1929031.1
Morocco,MAR,2019,26261350
Morocco,MAR,2020,32070782
Morocco,MAR,2021,27554.4
Morocco,MAR,2022,5467209.5
Mozambique,MOZ,2005,68298750
Mozambique,MOZ,2006,98911800
Mozambique,MOZ,2007,771994940
Mozambique,MOZ,2008,2045589400
Mozambique,MOZ,2009,113569760
Mozambique,MOZ,2010,16554570
Mozambique,MOZ,2011,27327504
Mozambique,MOZ,2012,71005200
Mozambique,MOZ,2015,428995260
Mozambique,MOZ,2016,292546800
Mozambique,MOZ,2017,16502019
Mozambique,MOZ,2018,304077600
Mozambique,MOZ,2022,0
Myanmar,MMR,2005,52909372
Myanmar,MMR,2006,6181071.5
Myanmar,MMR,2007,4593191.5
Myanmar,MMR,2008,912961000
Myanmar,MMR,2009,3100539
Myanmar,MMR,2010,14563195
Myanmar,MMR,2011,19599792
Myanmar,MMR,2012,49406740
Myanmar,MMR,2013,10296703
Myanmar,MMR,2014,1345514200
Myanmar,MMR,2015,2973747500
Myanmar,MMR,2016,3027677400
Myanmar,MMR,2017,1244725200
Myanmar,MMR,2018,564682500
Myanmar,MMR,2019,340229760
Myanmar,MMR,2020,722127040
Myanmar,MMR,2021,679501950
Myanmar,MMR,2022,250076940
Namibia,NAM,2015,0
Namibia,NAM,2016,0
Namibia,NAM,2017,0
Namibia,NAM,2019,151294.08
Nauru,NRU,2019,94050
Nauru,NRU,2021,8086.39
Nauru,NRU,2022,0
Nepal,NPL,2005,41685170
Nepal,NPL,2006,94888380
Nepal,NPL,2007,231329100
Nepal,NPL,2008,401105280
Nepal,NPL,2009,146390900
Nepal,NPL,2010,292810080
Nepal,NPL,2011,38435476
Nepal,NPL,2012,105370200
Nepal,NPL,2013,60156524
Nepal,NPL,2014,384076300
Nepal,NPL,2015,2677361000
Nepal,NPL,2016,1717437600
Nepal,NPL,2017,2936449500
Nepal,NPL,2018,33483994
Nepal,NPL,2019,82648936
Nepal,NPL,2020,68610760
Nepal,NPL,2021,62325090
Netherlands,NLD,2017,0
Netherlands,NLD,2019,0
New Zealand,NZL,2015,42210884
New Zealand,NZL,2016,1838784800
New Zealand,NZL,2017,174558900
New Zealand,NZL,2018,120739660
New Zealand,NZL,2019,52354850
New Zealand,NZL,2020,771335400
New Zealand,NZL,2021,135287310
New Zealand,NZL,2022,519710400
Nicaragua,NIC,2005,18497374
Nicaragua,NIC,2006,199237.5
Nicaragua,NIC,2007,131303350
Nicaragua,NIC,2008,94667800
Nicaragua,NIC,2009,14154268
Nicaragua,NIC,2010,39126360
Nicaragua,NIC,2011,31339004
Nicaragua,NIC,2012,43294284
Nicaragua,NIC,2013,33079886
Niger,NER,2005,70200
Niger,NER,2006,82964700
Niger,NER,2007,4352400
Niger,NER,2008,7581600
Niger,NER,2009,7488000
Niger,NER,2010,300883040
Niger,NER,2011,169159650
Niger,NER,2012,560701950
Niger,NER,2013,515197470
Niger,NER,2014,4003500
Niger,NER,2015,18822536
Niger,NER,2016,129076616
Niger,NER,2017,822502100
Niger,NER,2018,191299100
Niger,NER,2020,1618573400
Niger,NER,2021,361990240
Niger,NER,2022,0
Norway,NOR,2017,135532060
Pakistan,PAK,2006,1521670500
Pakistan,PAK,2009,1173765500
Pakistan,PAK,2016,52731000
Pakistan,PAK,2017,8389575
Pakistan,PAK,2018,18249300
Palau,PLW,2009,0
Palau,PLW,2011,0
Palau,PLW,2012,6190257
Palau,PLW,2021,15131844
Palau,PLW,2022,2183689.2
Palestine,PSE,2005,6112.5
Palestine,PSE,2006,6112.5
Palestine,PSE,2007,0
Palestine,PSE,2009,1108462.5
Palestine,PSE,2010,462637.5
Palestine,PSE,2011,0
Palestine,PSE,2012,245100
Palestine,PSE,2013,3516225
Palestine,PSE,2015,18853156
Palestine,PSE,2016,19515000
Palestine,PSE,2017,1421740
Palestine,PSE,2018,151786430
Panama,PAN,2005,29680312
Panama,PAN,2006,24119456
Panama,PAN,2007,28663680
Panama,PAN,2008,191356000
Panama,PAN,2009,17707152
Panama,PAN,2010,97785930
Panama,PAN,2011,45261564
Panama,PAN,2012,22728038
Panama,PAN,2013,4905600
Panama,PAN,2014,140233870
Panama,PAN,2015,5666437.5
Panama,PAN,2016,8523338
Panama,PAN,2017,356850
Panama,PAN,2018,7490700
Panama,PAN,2019,3612375
Panama,PAN,2020,7881043
Papua New Guinea,PNG,2005,0
Papua New Guinea,PNG,2006,1304100
Papua New Guinea,PNG,2007,104562900
Papua New Guinea,PNG,2008,137575500
Papua New Guinea,PNG,2009,2628375
Papua New Guinea,PNG,2010,0
Papua New Guinea,PNG,2011,0
Papua New Guinea,PNG,2012,1077375
Papua New Guinea,PNG,2013,1683000
Papua New Guinea,PNG,2014,0
Papua New Guinea,PNG,2015,0
Papua New Guinea,PNG,2019,13387500
Papua New Guinea,PNG,2020,1666668.8
Paraguay,PRY,2005,71020970
Paraguay,PRY,2006,604923260
Paraguay,PRY,2007,206728510
Paraguay,PRY,2008,254195950
Paraguay,PRY,2009,831171800
Paraguay,PRY,2010,312723040
Paraguay,PRY,2011,158328800
Paraguay,PRY,2012,5049768400
Paraguay,PRY,2013,244012940
Paraguay,PRY,2014,436850720
Paraguay,PRY,2015,142010670
Paraguay,PRY,2016,900409150
Paraguay,PRY,2017,2242525000
Paraguay,PRY,2018,2946365700
Paraguay,PRY,2019,604685950
Peru,PER,2005,3345889800
Peru,PER,2006,118768620
Peru,PER,2007,639477200
Peru,PER,2008,253652260
Peru,PER,2009,113781784
Peru,PER,2010,225125180
Peru,PER,2011,343600640
Peru,PER,2012,461651740
Peru,PER,2013,10331835000
Peru,PER,2014,4352637400
Peru,PER,2015,16641393000
Peru,PER,2016,10591805000
Peru,PER,2017,751968400
Peru,PER,2018,395621570
Peru,PER,2019,349818530
Peru,PER,2020,1115647500
Philippines,PHL,2016,7389958700
Philippines,PHL,2017,423874660
Philippines,PHL,2018,3635154000
Philippines,PHL,2019,10911418000
Philippines,PHL,2020,5224731600
Philippines,PHL,2021,55860666000
Philippines,PHL,2022,6284840000
Poland,POL,2017,0
Poland,POL,2018,0
Qatar,QAT,2005,0
Qatar,QAT,2006,0
Qatar,QAT,2007,0
Qatar,QAT,2008,0
Qatar,QAT,2009,0
Qatar,QAT,2010,0
Qatar,QAT,2011,0
Qatar,QAT,2012,0
Qatar,QAT,2013,0
Qatar,QAT,2014,0
Qatar,QAT,2015,0
Qatar,QAT,2016,0
Qatar,QAT,2017,0
Qatar,QAT,2018,0
Qatar,QAT,2019,0
Qatar,QAT,2020,0
Qatar,QAT,2021,0
Qatar,QAT,2022,0
Romania,ROU,2005,177567330
Romania,ROU,2006,36165330
Romania,ROU,2007,51849944
Romania,ROU,2008,50200624
Romania,ROU,2009,19409730
Romania,ROU,2010,42882824
Romania,ROU,2011,11305376
Romania,ROU,2012,10791748
Romania,ROU,2013,24283052
Romania,ROU,2014,11262224
Romania,ROU,2015,39184184
Romania,ROU,2016,34204964
Romania,ROU,2017,6968289
Romania,ROU,2018,3851256800
Romania,ROU,2019,717815700
Romania,ROU,2020,588487360
Romania,ROU,2021,759052.75
Russia,RUS,2009,2323017000
Russia,RUS,2010,0
Russia,RUS,2014,624333700
Russia,RUS,2015,139583520
Russia,RUS,2016,167041900
Russia,RUS,2017,192534050
Russia,RUS,2018,173987300
Russia,RUS,2019,316784200
Russia,RUS,2020,2283912700
Russia,RUS,2021,649881340
Russia,RUS,2022,102467420
Rwanda,RWA,2016,11978214
Saint Kitts and Nevis,KNA,2005,65406
Saint Kitts and Nevis,KNA,2006,245022
Saint Kitts and Nevis,KNA,2007,8962.5
Saint Kitts and Nevis,KNA,2008,977850
Saint Kitts and Nevis,KNA,2010,46293.12
Saint Kitts and Nevis,KNA,2011,113400
Saint Kitts and Nevis,KNA,2012,75491.26
Saint Kitts and Nevis,KNA,2013,37950
Saint Kitts and Nevis,KNA,2014,0
Saint Lucia,LCA,2006,0
Saint Lucia,LCA,2007,5581873
Saint Lucia,LCA,2008,506616
Saint Lucia,LCA,2009,74052
Saint Lucia,LCA,2010,23084610
Saint Lucia,LCA,2011,153525
Saint Lucia,LCA,2012,0
Saint Lucia,LCA,2014,0
Saint Vincent and the Grenadines,VCT,2005,273206100
Saint Vincent and the Grenadines,VCT,2006,350625
Saint Vincent and the Grenadines,VCT,2007,422587.5
Saint Vincent and the Grenadines,VCT,2008,142632
Saint Vincent and the Grenadines,VCT,2009,30992.28
Saint Vincent and the Grenadines,VCT,2010,16034298
Saint Vincent and the Grenadines,VCT,2011,3986848.5
Saint Vincent and the Grenadines,VCT,2013,222392640
Saint Vincent and the Grenadines,VCT,2014,19731862
Samoa,WSM,2005,0
Samoa,WSM,2006,0
Samoa,WSM,2008,0
Samoa,WSM,2009,27241398
Samoa,WSM,2012,0
Samoa,WSM,2013,0
Samoa,WSM,2014,0
Samoa,WSM,2015,0
Samoa,WSM,2016,0
Samoa,WSM,2022,0
Saudi Arabia,SAU,2018,0
Senegal,SEN,2005,19576476
Senegal,SEN,2006,516000
Senegal,SEN,2007,1171275
Senegal,SEN,2008,152219120
Senegal,SEN,2009,169477680
Senegal,SEN,2010,6052285.5
Senegal,SEN,2011,3331467
Senegal,SEN,2012,4065627
Senegal,SEN,2013,65576336
Senegal,SEN,2014,13953129
Senegal,SEN,2015,0
Serbia,SRB,2005,29277600
Serbia,SRB,2006,64509750
Serbia,SRB,2007,38126400
Serbia,SRB,2008,147000
Serbia,SRB,2009,18261376
Serbia,SRB,2010,182313000
Serbia,SRB,2011,32068200
Serbia,SRB,2012,19745776
Serbia,SRB,2013,2611725
Serbia,SRB,2014,181557520
Serbia,SRB,2015,12152577
Serbia,SRB,2016,55782184
Serbia,SRB,2017,16046235
Serbia,SRB,2018,2070174.5
Serbia,SRB,2019,13128514
Serbia,SRB,2020,7176193.5
Serbia,SRB,2021,219217.39
Serbia,SRB,2022,118215.01
Seychelles,SYC,2005,264646.75
Seychelles,SYC,2006,52324.42
Seychelles,SYC,2007,13376.7
Seychelles,SYC,2008,8175.46
Seychelles,SYC,2009,3316.41
Seychelles,SYC,2010,4693.08
Seychelles,SYC,2011,5344.27
Seychelles,SYC,2012,6548.42
Seychelles,SYC,2013,4009.74
Seychelles,SYC,2014,76169.91
Seychelles,SYC,2017,120900
Sierra Leone,SLE,2006,778050
Sierra Leone,SLE,2009,3603600
Sierra Leone,SLE,2010,7236450
Sierra Leone,SLE,2011,7007088
Sierra Leone,SLE,2012,7405443
Sierra Leone,SLE,2013,32540100
Sierra Leone,SLE,2014,16030185
Sierra Leone,SLE,2015,11079018
Slovenia,SVN,2008,137087710
Slovenia,SVN,2009,39916340
Slovenia,SVN,2010,76806330
Slovenia,SVN,2011,13078054
Slovenia,SVN,2012,394891680
Slovenia,SVN,2013,141469390
Slovenia,SVN,2014,0
Slovenia,SVN,2015,0
Slovenia,SVN,2016,78739940
Slovenia,SVN,2017,289697950
Slovenia,SVN,2018,81194610
Slovenia,SVN,2019,135289470
Slovenia,SVN,2020,56081244
Slovenia,SVN,2021,64047310
Slovenia,SVN,2022,229582850
Solomon Islands,SLB,2006,0
Solomon Islands,SLB,2007,65999670
Solomon Islands,SLB,2008,0
Solomon Islands,SLB,2009,413100
Solomon Islands,SLB,2010,5826567
Solomon Islands,SLB,2011,129937.5
Solomon Islands,SLB,2012,1091496
Solomon Islands,SLB,2013,12366973
Solomon Islands,SLB,2014,1584412.5
Solomon Islands,SLB,2015,44070640
Solomon Islands,SLB,2016,27019994
Solomon Islands,SLB,2017,50575890
Solomon Islands,SLB,2018,80668440
Solomon Islands,SLB,2019,9228432
Solomon Islands,SLB,2020,1825544.6
Solomon Islands,SLB,2021,1596195
Solomon Islands,SLB,2022,3129406.8
Somalia,SOM,2005,0
Somalia,SOM,2006,0
Somalia,SOM,2008,0
Somalia,SOM,2009,0
Somalia,SOM,2010,0
Somalia,SOM,2011,0
Somalia,SOM,2012,20988938
Somalia,SOM,2013,20762250
Somalia,SOM,2014,325500
Somalia,SOM,2015,5812.5
Somalia,SOM,2016,32590688
Somalia,SOM,2021,1903.9
Somalia,SOM,2022,264323.22
South Africa,ZAF,2005,404550
South Africa,ZAF,2007,88350000
South Africa,ZAF,2008,100674000
South Africa,ZAF,2011,105525000
South Africa,ZAF,2015,0
South Africa,ZAF,2016,22222250000
South Africa,ZAF,2017,171000000
South Korea,KOR,2005,58416710
South Korea,KOR,2006,111526760
South Korea,KOR,2007,70745400
South Korea,KOR,2008,20811562
South Korea,KOR,2009,58473000
South Korea,KOR,2010,368307780
South Korea,KOR,2011,350851260
South Korea,KOR,2012,116399440
South Korea,KOR,2013,22916250
South Korea,KOR,2014,47662500
South Korea,KOR,2015,10299990
South Korea,KOR,2016,60101960
South Korea,KOR,2017,83437840
South Korea,KOR,2018,25131384
South Korea,KOR,2019,42935176
South Korea,KOR,2020,68248670
South Korea,KOR,2021,28121216
South Sudan,SSD,2016,10701.45
Sri Lanka,LKA,2005,28931700
Sri Lanka,LKA,2006,51151500
Sri Lanka,LKA,2007,57041850
Sri Lanka,LKA,2008,365133600
Sri Lanka,LKA,2009,0
Sri Lanka,LKA,2016,0
Sri Lanka,LKA,2020,115408130
Sudan,SDN,2005,4048759800
Sudan,SDN,2006,8321.16
Sudan,SDN,2007,8318.54
Sudan,SDN,2008,8194.86
Sudan,SDN,2009,8643.12
Sudan,SDN,2010,10467.01
Sudan,SDN,2011,11548.56
Sudan,SDN,2012,12811.89
Sudan,SDN,2013,629648640
Sudan,SDN,2014,485653200
Sudan,SDN,2015,270393760
Sudan,SDN,2016,189778380
Sudan,SDN,2017,616743740
Sudan,SDN,2018,512195620
Sudan,SDN,2019,1274346500
Sweden,SWE,2014,19162.5
Sweden,SWE,2015,0
Sweden,SWE,2016,0
Sweden,SWE,2017,0
Sweden,SWE,2018,709805800
Sweden,SWE,2019,0
Sweden,SWE,2020,0
Sweden,SWE,2021,186554830
Sweden,SWE,2022,21119160
Switzerland,CHE,2005,1883838300
Switzerland,CHE,2006,1158898700
Switzerland,CHE,2007,1205997000
Switzerland,CHE,2008,888773400
Switzerland,CHE,2009,1290715600
Switzerland,CHE,2010,829260800
Switzerland,CHE,2011,1347950100
Switzerland,CHE,2012,1205947100
Switzerland,CHE,2013,1305875200
Switzerland,CHE,2014,1154344400
Switzerland,CHE,2015,1483749200
Switzerland,CHE,2016,966325100
Switzerland,CHE,2017,1198590000
Switzerland,CHE,2018,1272473600
Switzerland,CHE,2019,1091055500
Switzerland,CHE,2020,1068603700
Switzerland,CHE,2021,2539044000
Syria,SYR,2005,1574742
Syria,SYR,2006,5430804
Syria,SYR,2007,322170
Syria,SYR,2008,747825
Syria,SYR,2009,281587.5
Tajikistan,TJK,2015,28794318
Tajikistan,TJK,2016,4525866
Tajikistan,TJK,2017,894.46
Tajikistan,TJK,2018,2033.12
Tajikistan,TJK,2019,982371.06
Tajikistan,TJK,2020,4935157.5
Tanzania,TZA,2005,865462.5
Tanzania,TZA,2006,436674
Tanzania,TZA,2007,9078525
Tanzania,TZA,2008,324741
Tanzania,TZA,2009,130661760
Tanzania,TZA,2010,38580748
Tanzania,TZA,2011,48013090
Tanzania,TZA,2012,4054633.5
Tanzania,TZA,2013,28307164
Tanzania,TZA,2015,439628770
Tanzania,TZA,2016,929822900
Tanzania,TZA,2017,373561730
Tanzania,TZA,2018,150191660
Tanzania,TZA,2019,248991220
Tanzania,TZA,2020,478499000
Tanzania,TZA,2021,79770504
Togo,TGO,2005,22874306
Togo,TGO,2006,1831050
Togo,TGO,2007,2368690
Togo,TGO,2008,103189.53
Togo,TGO,2009,274741.53
Togo,TGO,2010,34745144
Togo,TGO,2011,275527
Togo,TGO,2012,820242.94
Togo,TGO,2013,849108.44
Togo,TGO,2014,561782700
Togo,TGO,2016,121265.98
Togo,TGO,2017,288457.03
Togo,TGO,2018,2208483
Togo,TGO,2019,8333880.5
Togo,TGO,2020,49799824
Togo,TGO,2021,47537176
Tonga,TON,2005,0
Tonga,TON,2011,1113801
Tonga,TON,2013,0
Tonga,TON,2014,18560062
Tonga,TON,2015,0
Tonga,TON,2016,0
Tonga,TON,2017,0
Tonga,TON,2018,8579025
Tonga,TON,2019,0
Tonga,TON,2020,586694.56
Trinidad and Tobago,TTO,2006,0
Trinidad and Tobago,TTO,2007,0
Trinidad and Tobago,TTO,2011,0
Trinidad and Tobago,TTO,2013,0
Trinidad and Tobago,TTO,2015,24503550
Trinidad and Tobago,TTO,2016,23146876
Trinidad and Tobago,TTO,2017,71175000
Trinidad and Tobago,TTO,2018,16761967
Trinidad and Tobago,TTO,2019,53043.78
Trinidad and Tobago,TTO,2020,82877.3
Tunisia,TUN,2005,0
Tunisia,TUN,2006,630762.6
Tunisia,TUN,2007,2296800
Tunisia,TUN,2008,13425
Tunisia,TUN,2009,25608308
Tunisia,TUN,2010,52272
Tunisia,TUN,2011,1204805.1
Tunisia,TUN,2012,1446219
Tunisia,TUN,2013,26850
Tunisia,TUN,2018,98713200
Turkey,TUR,2005,57766500
Turkey,TUR,2006,17180100
Turkey,TUR,2007,112134750
Turkey,TUR,2008,4804312.5
Turkey,TUR,2009,6661200
Turkey,TUR,2010,257796000
Turkey,TUR,2011,574991100
Turkey,TUR,2012,6678000
Turkey,TUR,2013,592537.5
Turkey,TUR,2014,25425
Turkey,TUR,2015,1675820700
Turkey,TUR,2016,714550460
Turkey,TUR,2017,1039931500
Turkey,TUR,2018,784465500
Turkey,TUR,2019,3531999700
Turkey,TUR,2020,1110454700
Turkey,TUR,2021,306173900
Turkmenistan,TKM,2019,0
Tuvalu,TUV,2011,0
Tuvalu,TUV,2016,3535687.5
Tuvalu,TUV,2020,13672457
Tuvalu,TUV,2022,106863.72
Uganda,UGA,2006,9188767
Uganda,UGA,2007,329093540
Uganda,UGA,2008,33575630
Uganda,UGA,2009,22818776
Uganda,UGA,2010,132545976
Uganda,UGA,2011,177692830
Uganda,UGA,2012,81872160
Uganda,UGA,2013,83368330
Uganda,UGA,2014,33072232
Uganda,UGA,2015,36001416
Uganda,UGA,2016,64857064
Uganda,UGA,2017,0
Uganda,UGA,2019,556337660
Uganda,UGA,2020,3204065300
Uganda,UGA,2021,3572920600
Uganda,UGA,2022,4426420000
Ukraine,UKR,2005,46532184
Ukraine,UKR,2006,64876756
Ukraine,UKR,2007,162556930
Ukraine,UKR,2008,873678660
Ukraine,UKR,2009,52867210
Ukraine,UKR,2010,96351256
Ukraine,UKR,2011,7734073
Ukraine,UKR,2012,22692028
Ukraine,UKR,2013,35379610
Ukraine,UKR,2014,11685420
Ukraine,UKR,2015,7141238.5
Ukraine,UKR,2016,10212216
Ukraine,UKR,2017,24799516
Ukraine,UKR,2018,13583122
Ukraine,UKR,2019,64321188
Ukraine,UKR,2020,1037774100
Ukraine,UKR,2021,13940583
Ukraine,UKR,2022,3627648.5
United Arab Emirates,ARE,2007,453504160
United Arab Emirates,ARE,2008,609000400
United Arab Emirates,ARE,2009,652183550
United Arab Emirates,ARE,2010,672905400
United Arab Emirates,ARE,2011,594835400
United Arab Emirates,ARE,2012,701507700
United Arab Emirates,ARE,2013,644795900
United Arab Emirates,ARE,2014,684205300
United Arab Emirates,ARE,2015,709829000
United Arab Emirates,ARE,2016,858843000
United Arab Emirates,ARE,2017,1418837500
United Arab Emirates,ARE,2018,1426713500
United Arab Emirates,ARE,2019,832577700
United Arab Emirates,ARE,2020,0
United Kingdom,GBR,2017,0
United States,USA,2015,18221425000
United States,USA,2016,23722201000
United States,USA,2017,64822796000
United States,USA,2018,44429810000
United States,USA,2019,23730838000
United States,USA,2020,51814750000
United States,USA,2021,21560443000
Uruguay,URY,2009,1243160.8
Uruguay,URY,2010,76156410
Uruguay,URY,2011,10188454
Uruguay,URY,2012,141845620
Uruguay,URY,2013,8980120
Uruguay,URY,2014,32046340
Uruguay,URY,2015,87550270
Uruguay,URY,2016,7501092.5
Uruguay,URY,2017,474531840
Uruguay,URY,2018,11603069
Uruguay,URY,2019,67312270
Uruguay,URY,2020,209080960
Uruguay,URY,2021,7102074
Uzbekistan,UZB,2019,0
Uzbekistan,UZB,2020,125923870
Uzbekistan,UZB,2021,330183.97
Vanuatu,VUT,2005,0
Vanuatu,VUT,2006,0
Vanuatu,VUT,2007,25200
Vanuatu,VUT,2008,95625
Vanuatu,VUT,2009,1616062.5
Vanuatu,VUT,2010,3071587.5
Vanuatu,VUT,2011,1470067.5
Vanuatu,VUT,2012,281580
Vanuatu,VUT,2013,0
Vanuatu,VUT,2014,245100
Vanuatu,VUT,2015,0
Vanuatu,VUT,2017,2316120
Vanuatu,VUT,2018,64500000
Vanuatu,VUT,2020,114719180
Vanuatu,VUT,2021,0
Venezuela,VEN,2005,90233736
Venezuela,VEN,2006,72569144
Venezuela,VEN,2007,260991380
Venezuela,VEN,2008,34006130
Venezuela,VEN,2009,12045826
Venezuela,VEN,2010,59816990
Venezuela,VEN,2011,87996270
Venezuela,VEN,2012,89541256
Venezuela,VEN,2013,25783060
Venezuela,VEN,2014,36020344
Venezuela,VEN,2015,2470500
Vietnam,VNM,2005,219752320
Vietnam,VNM,2006,2612302800
Vietnam,VNM,2007,572048200
Vietnam,VNM,2008,353748000
Vietnam,VNM,2009,1814631000
Vietnam,VNM,2010,987964400
Vietnam,VNM,2019,2269500
Yemen,YEM,2005,942075
Yemen,YEM,2006,4430137.5
Yemen,YEM,2007,23220000
Yemen,YEM,2008,82112264
Yemen,YEM,2009,804000
Yemen,YEM,2010,3250125
Yemen,YEM,2021,0
Yemen,YEM,2022,36483.66
Zambia,ZMB,2006,11544000
Zambia,ZMB,2007,0
Zambia,ZMB,2008,4932975
Zambia,ZMB,2009,34685176
Zambia,ZMB,2010,3278604
Zambia,ZMB,2011,287892
Zambia,ZMB,2012,4187328
Zambia,ZMB,2013,20521338
Zambia,ZMB,2014,14661396
Zambia,ZMB,2016,8177139
Zambia,ZMB,2022,95304.6
Zimbabwe,ZWE,2011,0
Zimbabwe,ZWE,2019,131456776